<?xml version="1.0" encoding="UTF-8"?>
<soapenv:Envelope xmlns:soapenv="http://schemas.xmlsoap.org/soap/envelope/" xmlns:urn="urn:InsureJ" xmlns:v1="http://www.ssp-uk.com/PolicyMessages/v1" xmlns:v11="http://www.ssp-uk.com/Policy/v1">
   <soapenv:Header>
      <urn:InsureJHeader>
        <urn:role>${#Project#select-contact-id}</urn:role>
      </urn:InsureJHeader>
   </soapenv:Header>
   <soapenv:Body>
      <v1:managePolicyRequest>
      
  	   <v1:policyKey>
            <v11:policyIdentity>${#TestCase#policy-id}</v11:policyIdentity>
            <v11:policyPositionId>${#TestCase#position-id}</v11:policyPositionId>
         </v1:policyKey>
      
         <v1:productKey>
            <v11:productCode>${#TestSuite#product-code}</v11:productCode>
            <v11:schemeCode>${#TestSuite#scheme-code}</v11:schemeCode>
         </v1:productKey>

      </v1:managePolicyRequest>
   </soapenv:Body>
</soapenv:Envelope>