<soapenv:Envelope xmlns:soapenv="http://schemas.xmlsoap.org/soap/envelope/" xmlns:urn="urn:InsureJ"
                  xmlns:v1="http://www.ssp-uk.com/PersonMessages/v1" xmlns:v11="http://www.ssp-uk.com/Person/v1"
                  xmlns:v12="http://www.ssp-uk.com/common/v1">
    <soapenv:Header>
        <urn:InsureJHeader>
            <urn:correlationId/>
            <urn:role>${#Project#select-contact-id}</urn:role>
        </urn:InsureJHeader>
    </soapenv:Header>
    <soapenv:Body>
        <v1:managePersonRequest>
            <v11:person>
                <v11:forename>Test</v11:forename>
                <v11:surname>Person${#TestSuite#contact-counter}</v11:surname>
                <v11:format/>
                <v11:correspondencePreference>2</v11:correspondencePreference>
                <v11:addresses>
                    <v11:address>
                        <v12:addressLine1>Churchill Insurance Co Ltd</v12:addressLine1>
                        <v12:addressLine2>Churchill Court,Westmoreland Road</v12:addressLine2>
                        <v12:town>Bromley</v12:town>
                        <v12:postcode>BR1 1DP</v12:postcode>
                        <v12:country>England</v12:country>
                        <v12:format>4</v12:format>
                        <v11:addressType>1</v11:addressType>
                        <v11:isMailingAddress>true</v11:isMailingAddress>
                    </v11:address>
                </v11:addresses>
                <v11:contactDetails>
<!--emailtelephones>
${#TestSuite#emailtelephones}
<emailtelephones-->

                    <v11:optInToMarketing>${#TestSuite#optToMarketing}</v11:optInToMarketing>
                    <!--Optional:-->
                    <v11:marketingDateAsked>${#TestSuite#marketingDateAsked}</v11:marketingDateAsked>
                    <!--Optional:-->
                    <v11:marketingSMS>${#TestSuite#marketingSMS}</v11:marketingSMS>
                    <!--Optional:-->
                    <v11:marketingTelephone>${#TestSuite#marketingTelephone}</v11:marketingTelephone>
                    <!--Optional:-->
                    <v11:marketingPost>${#TestSuite#marketingPost}</v11:marketingPost>
                    <!--Optional:-->
                    <v11:marketingEmail>${#TestSuite#marketingEmail}</v11:marketingEmail>
                </v11:contactDetails>

                <v11:relationships>
                    <v11:contactRelationship>
                        <v11:partnerIdentity>${#TestSuite#company-id}</v11:partnerIdentity>
                        <v11:relationshipName>7</v11:relationshipName>
                    </v11:contactRelationship>
                </v11:relationships>
            </v11:person>
        </v1:managePersonRequest>
    </soapenv:Body>
</soapenv:Envelope>