<?xml version="1.0" encoding="UTF-8"?>
<soapenv:Envelope xmlns:soapenv="http://schemas.xmlsoap.org/soap/envelope/" xmlns:urn="urn:InsureJ" xmlns:v1="http://www.ssp-uk.com/PolicyMessages/v1" xmlns:v11="http://www.ssp-uk.com/Policy/v1">
   <soapenv:Header>
      <urn:InsureJHeader>
        <urn:role>${#Project#select-contact-id}</urn:role>
      </urn:InsureJHeader>
   </soapenv:Header>
   <soapenv:Body>
      <v1:managePolicyRequest>
  	   <v1:policyKey>
            <v11:policyIdentity>${#TestSuite#policy-id}</v11:policyIdentity>
            <v11:policyPositionId>${#TestSuite#position-id}</v11:policyPositionId>
         </v1:policyKey>
      
         <v1:productKey>
            <v11:productCode>${#TestSuite#product-code}</v11:productCode>
            <v11:schemeCode>${#TestSuite#scheme-code}</v11:schemeCode>
         </v1:productKey>

         <v11:adjustmentReason>4</v11:adjustmentReason>
         <v11:multipleAdjustmentReasons>
            <v11:reasonCode>4</v11:reasonCode>
            <v11:reasonCode>6</v11:reasonCode>
         </v11:multipleAdjustmentReasons>
         
         <v1:adjustmentComment>test</v1:adjustmentComment>
         
         <v1:effectiveDate>${#TestCase#mta-inception-date}</v1:effectiveDate>
         
         <v1:policyDetails>
            <v11:isAutoReview>false</v11:isAutoReview>
            <v11:isAutoRenew>false</v11:isAutoRenew>
            <v11:isBlockRenewal>false</v11:isBlockRenewal>
         </v1:policyDetails>
 
      </v1:managePolicyRequest>
   </soapenv:Body>
</soapenv:Envelope>