<soapenv:Envelope xmlns:soapenv="http://schemas.xmlsoap.org/soap/envelope/"

                  xmlns:urn="urn:InsureJ"
                  xmlns:v1="http://www.ssp-uk.com/PolicyMessages/v1"
                  xmlns:v11="http://www.ssp-uk.com/Policy/v1">
   <soapenv:Header>
      <urn:InsureJHeader>
         <urn:role>${#Project#select-contact-id}</urn:role>
      </urn:InsureJHeader>
   </soapenv:Header>
   <soapenv:Body>
      <v1:manageBillingAdjustmentRequest>
         <v1:policyKey>
            <v11:policyIdentity>${#TestSuite#policy-id}</v11:policyIdentity>
            <v11:policyPositionId>${#TestCase#position-id}</v11:policyPositionId>
            <v11:quoteId>${#TestCase#position-id}</v11:quoteId>
            <v11:quoteVariationId>${#TestCase#variation-id}</v11:quoteVariationId>
         </v1:policyKey>
      </v1:manageBillingAdjustmentRequest>
   </soapenv:Body>
</soapenv:Envelope>