<?xml version="1.0" encoding="UTF-8"?>
<soapenv:Envelope xmlns:soapenv="http://schemas.xmlsoap.org/soap/envelope/" xmlns:urn="urn:InsureJ" xmlns:urn1="urn:WorkItemSave">
   <soapenv:Header>
      <urn:InsureJHeader>
        <urn:role>${#Project#select-contact-id}</urn:role>
      </urn:InsureJHeader>
   </soapenv:Header>
   <soapenv:Body>
      <urn1:workItem>
         <urn1:workItemType>3</urn1:workItemType>
         <urn1:description>${#description}</urn1:description>
         <urn1:owner>${#Owner}</urn1:owner>
         <urn1:ownerName>${#OwnerName}</urn1:ownerName>
         <urn1:status>0</urn1:status>
         <urn1:releaseDate>${#ReleaseDate}</urn1:releaseDate>
         <!--urn1:releaseDate>${#ReleaseDate}13/10/2017 11:10</urn1:releaseDate-->
         <workItemActivityDefinitionName>${#Activity}</workItemActivityDefinitionName>
		<definitionFileName>${#FileName}</definitionFileName>
		<definitionUniqueReference>${#UniqueReference}</definitionUniqueReference>
		<category>${#Category}</category>
        
      </urn1:workItem>
   </soapenv:Body>
</soapenv:Envelope>