<dlg_bc xmlns:xsi="http://www.w3.org/2001/XMLSchema-instance" xmlns="http://www.directlinegroup.co.uk/travel/billing" xsi:schemaLocation="http://www.directlinegroup.co.uk/travel/billing Billing.xsd" source="AQUA" version="1.0.0">
	<dlg_bc_header>
		<bc_header_id>965039236</bc_header_id>
		<source>AQUA</source>
		<account_number>27924378</account_number>
		<policy_number>26887434</policy_number>
		<underwriter>9999</underwriter>
		<product_type>TVULSPRIV</product_type>
		<line_of_business>TRAVEL</line_of_business>
		<transaction_reference>5005195</transaction_reference>
		<transaction_date>2019-07-29T14:15:44</transaction_date>
		<transaction_subtype>DirectBillMoneyRcvdTxn</transaction_subtype>
		<transaction_reason>Not applicable - CARD</transaction_reason>
		<cross_reference>28974736</cross_reference>
		<payment_method>Card</payment_method>
		<mid_number>18740705</mid_number>
		<card_type>[missing]</card_type>
		<channel>PHO</channel>
		<order_number>RBSINSBIBIT^RBSTRAVELPREMIUMPHONE^185492</order_number>
		<currency_cd>GBP</currency_cd>
		<exchange_rate>1.0</exchange_rate>
		<exchange_rate_type>DAILY</exchange_rate_type>
		<exchange_date>2019-05-15T14:15:44</exchange_date>
		<base_currency_amount>24.04</base_currency_amount>
		<dlg_bc_line>
			<bc_line_id>1</bc_line_id>
			<bc_header_id>965039236</bc_header_id>
			<dr_cr_flag>CR</dr_cr_flag>
			<amount>24.04</amount>
		</dlg_bc_line>
	</dlg_bc_header>
	<dlg_bc_header>
		<bc_header_id>965039237</bc_header_id>
		<source>AQUA</source>
		<account_number>27924378</account_number>
		<policy_number>26887434</policy_number>
		<underwriter>1234</underwriter>
		<product_type>TVULSNI</product_type>
		<line_of_business>TRAVEL</line_of_business>
		<transaction_reference>5005195</transaction_reference>
		<transaction_date>2019-07-29T14:15:44</transaction_date>
		<transaction_subtype>DirectBillMoneyRcvdTxn</transaction_subtype>
		<transaction_reason>Not applicable - CARD</transaction_reason>
		<cross_reference>28974736</cross_reference>
		<payment_method>Card</payment_method>
		<mid_number>18740705</mid_number>
		<card_type>[missing]</card_type>
		<channel>PHO</channel>
		<order_number>RBSINSBIBIT^RBSTRAVELPREMIUMPHONE^185492</order_number>
		<currency_cd>GBP</currency_cd>
		<exchange_rate>1.0</exchange_rate>
		<exchange_rate_type>DAILY</exchange_rate_type>
		<exchange_date>2019-05-22T14:15:44</exchange_date>
		<base_currency_amount>34.04</base_currency_amount>
		<dlg_bc_line>
			<bc_line_id>1</bc_line_id>
			<bc_header_id>965039237</bc_header_id>
			<dr_cr_flag>DR</dr_cr_flag>
			<amount>34.04</amount>
		</dlg_bc_line>
	</dlg_bc_header>
	<dlg_bc_header>
		<bc_header_id>965039238</bc_header_id>
		<source>AQUA</source>
		<account_number>27924378</account_number>
		<policy_number>26887434</policy_number>
		<underwriter>9999</underwriter>
		<product_type>TVULSGOLD</product_type>
		<line_of_business>TRAVEL</line_of_business>
		<transaction_reference>5005195</transaction_reference>
		<transaction_date>2019-07-29T14:15:44</transaction_date>
		<transaction_subtype>DirectBillMoneyRcvdTxn</transaction_subtype>
		<transaction_reason>Not applicable - CARD</transaction_reason>
		<cross_reference>28974736</cross_reference>
		<payment_method>Card</payment_method>
		<mid_number>18740705</mid_number>
		<card_type>[missing]</card_type>
		<channel>PHO</channel>
		<order_number>RBSINSBIBIT^RBSTRAVELPREMIUMPHONE^185492</order_number>
		<currency_cd>GBP</currency_cd>
		<exchange_rate>1.0</exchange_rate>
		<exchange_rate_type>DAILY</exchange_rate_type>
		<exchange_date>2019-05-22T14:15:44</exchange_date>
		<base_currency_amount>44.04</base_currency_amount>
		<dlg_bc_line>
			<bc_line_id>1</bc_line_id>
			<bc_header_id>965039238</bc_header_id>
			<dr_cr_flag>CR</dr_cr_flag>
			<amount>44.04</amount>
		</dlg_bc_line>
	</dlg_bc_header>
	<dlg_bc_header>
		<bc_header_id>965039239</bc_header_id>
		<source>AQUA</source>
		<account_number>27924378</account_number>
		<policy_number>26887434</policy_number>
		<underwriter>9999</underwriter>
		<product_type>TVULSEIRE</product_type>
		<line_of_business>TRAVEL</line_of_business>
		<transaction_reference>5005195</transaction_reference>
		<transaction_date>2019-07-29T14:15:44</transaction_date>
		<transaction_subtype>DirectBillMoneyRcvdTxn</transaction_subtype>
		<transaction_reason>Not applicable - CARD</transaction_reason>
		<cross_reference>28974736</cross_reference>
		<payment_method>Card</payment_method>
		<mid_number>18740705</mid_number>
		<card_type>[missing]</card_type>
		<channel>PHO</channel>
		<order_number>RBSINSBIBIT^RBSTRAVELPREMIUMPHONE^185492</order_number>
		<currency_cd>GBP</currency_cd>
		<exchange_rate>1.0</exchange_rate>
		<exchange_rate_type>DAILY</exchange_rate_type>
		<exchange_date>2019-05-22T14:15:44</exchange_date>
		<base_currency_amount>44.04</base_currency_amount>
		<dlg_bc_line>
			<bc_line_id>1</bc_line_id>
			<bc_header_id>965039239</bc_header_id>
			<dr_cr_flag>DR</dr_cr_flag>
			<amount>44.04</amount>
		</dlg_bc_line>
	</dlg_bc_header>
	<dlg_bc_header>
		<bc_header_id>965039240</bc_header_id>
		<source>AQUA</source>
		<account_number>27924378</account_number>
		<policy_number>26887434</policy_number>
		<underwriter>9999</underwriter>
		<product_type>TVRBSSILV</product_type>
		<line_of_business>TRAVEL</line_of_business>
		<transaction_reference>5005195</transaction_reference>
		<transaction_date>2019-07-29T14:15:44</transaction_date>
		<transaction_subtype>DirectBillMoneyRcvdTxn</transaction_subtype>
		<transaction_reason>Not applicable - CARD</transaction_reason>
		<cross_reference>28974736</cross_reference>
		<payment_method>Card</payment_method>
		<mid_number>18740705</mid_number>
		<card_type>[missing]</card_type>
		<channel>PHO</channel>
		<order_number>RBSINSBIBIT^RBSTRAVELPREMIUMPHONE^185492</order_number>
		<currency_cd>GBP</currency_cd>
		<exchange_rate>1.0</exchange_rate>
		<exchange_rate_type>DAILY</exchange_rate_type>
		<exchange_date>2019-05-22T14:15:44</exchange_date>
		<base_currency_amount>44.04</base_currency_amount>
		<dlg_bc_line>
			<bc_line_id>1</bc_line_id>
			<bc_header_id>965039240</bc_header_id>
			<dr_cr_flag>CR</dr_cr_flag>
			<amount>44.04</amount>
		</dlg_bc_line>
	</dlg_bc_header>
	<dlg_bc_header>
		<bc_header_id>965039241</bc_header_id>
		<source>AQUA</source>
		<account_number>27924378</account_number>
		<policy_number>26887434</policy_number>
		<underwriter>9999</underwriter>
		<product_type>TVRBSBLAC</product_type>
		<line_of_business>TRAVEL</line_of_business>
		<transaction_reference>5005195</transaction_reference>
		<transaction_date>2019-07-29T14:15:44</transaction_date>
		<transaction_subtype>DirectBillMoneyRcvdTxn</transaction_subtype>
		<transaction_reason>Not applicable - CARD</transaction_reason>
		<cross_reference>28974736</cross_reference>
		<payment_method>Card</payment_method>
		<mid_number>18740705</mid_number>
		<card_type>[missing]</card_type>
		<channel>PHO</channel>
		<order_number>RBSINSBIBIT^RBSTRAVELPREMIUMPHONE^185492</order_number>
		<currency_cd>GBP</currency_cd>
		<exchange_rate>1.0</exchange_rate>
		<exchange_rate_type>DAILY</exchange_rate_type>
		<exchange_date>2019-05-22T14:15:44</exchange_date>
		<base_currency_amount>44.04</base_currency_amount>
		<dlg_bc_line>
			<bc_line_id>1</bc_line_id>
			<bc_header_id>965039241</bc_header_id>
			<dr_cr_flag>DR</dr_cr_flag>
			<amount>44.04</amount>
		</dlg_bc_line>
	</dlg_bc_header>
	<dlg_bc_header>
		<bc_header_id>965039242</bc_header_id>
		<source>AQUA</source>
		<account_number>27924378</account_number>
		<policy_number>26887434</policy_number>
		<underwriter>9999</underwriter>
		<product_type>TVNATSILV</product_type>
		<line_of_business>TRAVEL</line_of_business>
		<transaction_reference>5005195</transaction_reference>
		<transaction_date>2019-07-29T14:15:44</transaction_date>
		<transaction_subtype>DirectBillMoneyRcvdTxn</transaction_subtype>
		<transaction_reason>Not applicable - CARD</transaction_reason>
		<cross_reference>28974736</cross_reference>
		<payment_method>Card</payment_method>
		<mid_number>18740705</mid_number>
		<card_type>[missing]</card_type>
		<channel>PHO</channel>
		<order_number>RBSINSBIBIT^RBSTRAVELPREMIUMPHONE^185492</order_number>
		<currency_cd>GBP</currency_cd>
		<exchange_rate>1.0</exchange_rate>
		<exchange_rate_type>DAILY</exchange_rate_type>
		<exchange_date>2019-05-22T14:15:44</exchange_date>
		<base_currency_amount>44.04</base_currency_amount>
		<dlg_bc_line>
			<bc_line_id>1</bc_line_id>
			<bc_header_id>965039242</bc_header_id>
			<dr_cr_flag>CR</dr_cr_flag>
			<amount>44.04</amount>
		</dlg_bc_line>
	</dlg_bc_header>	
	<dlg_bc_header>
		<bc_header_id>965039243</bc_header_id>
		<source>AQUA</source>
		<account_number>27924378</account_number>
		<policy_number>26887434</policy_number>
		<underwriter>9999</underwriter>
		<product_type>TVNATGOLD</product_type>
		<line_of_business>TRAVEL</line_of_business>
		<transaction_reference>5005195</transaction_reference>
		<transaction_date>2019-07-29T14:15:44</transaction_date>
		<transaction_subtype>DirectBillMoneyRcvdTxn</transaction_subtype>
		<transaction_reason>Not applicable - CARD</transaction_reason>
		<cross_reference>28974736</cross_reference>
		<payment_method>Card</payment_method>
		<mid_number>18740705</mid_number>
		<card_type>[missing]</card_type>
		<channel>PHO</channel>
		<order_number>RBSINSBIBIT^RBSTRAVELPREMIUMPHONE^185492</order_number>
		<currency_cd>GBP</currency_cd>
		<exchange_rate>1.0</exchange_rate>
		<exchange_rate_type>DAILY</exchange_rate_type>
		<exchange_date>2019-05-22T14:15:44</exchange_date>
		<base_currency_amount>44.04</base_currency_amount>
		<dlg_bc_line>
			<bc_line_id>1</bc_line_id>
			<bc_header_id>965039243</bc_header_id>
			<dr_cr_flag>DR</dr_cr_flag>
			<amount>44.04</amount>
		</dlg_bc_line>
	</dlg_bc_header>	
	<dlg_bc_header>
		<bc_header_id>965039244</bc_header_id>
		<source>AQUA</source>
		<account_number>27924378</account_number>
		<policy_number>26887434</policy_number>
		<underwriter>9999</underwriter>
		<product_type>TVNATBLAC</product_type>
		<line_of_business>TRAVEL</line_of_business>
		<transaction_reference>5005195</transaction_reference>
		<transaction_date>2019-07-29T14:15:44</transaction_date>
		<transaction_subtype>DirectBillMoneyRcvdTxn</transaction_subtype>
		<transaction_reason>Not applicable - CARD</transaction_reason>
		<cross_reference>28974736</cross_reference>
		<payment_method>Card</payment_method>
		<mid_number>18740705</mid_number>
		<card_type>[missing]</card_type>
		<channel>PHO</channel>
		<order_number>RBSINSBIBIT^RBSTRAVELPREMIUMPHONE^185492</order_number>
		<currency_cd>GBP</currency_cd>
		<exchange_rate>1.0</exchange_rate>
		<exchange_rate_type>DAILY</exchange_rate_type>
		<exchange_date>2019-05-22T14:15:44</exchange_date>
		<base_currency_amount>44.04</base_currency_amount>
		<dlg_bc_line>
			<bc_line_id>1</bc_line_id>
			<bc_header_id>965039244</bc_header_id>
			<dr_cr_flag>DR</dr_cr_flag>
			<amount>44.04</amount>
		</dlg_bc_line>
	</dlg_bc_header>
		<dlg_bc_header>
		<bc_header_id>965039245</bc_header_id>
		<source>AQUA</source>
		<account_number>27924378</account_number>
		<policy_number>26887434</policy_number>
		<underwriter>9999</underwriter>
		<product_type>TVRBSPLAT</product_type>
		<line_of_business>TRAVEL</line_of_business>
		<transaction_reference>5005195</transaction_reference>
		<transaction_date>2019-07-29T14:15:44</transaction_date>
		<transaction_subtype>DirectBillMoneyRcvdTxn</transaction_subtype>
		<transaction_reason>Not applicable - CARD</transaction_reason>
		<cross_reference>28974736</cross_reference>
		<payment_method>Card</payment_method>
		<mid_number>18740705</mid_number>
		<card_type>[missing]</card_type>
		<channel>PHO</channel>
		<order_number>RBSINSBIBIT^RBSTRAVELPREMIUMPHONE^185492</order_number>
		<currency_cd>GBP</currency_cd>
		<exchange_rate>1.0</exchange_rate>
		<exchange_rate_type>DAILY</exchange_rate_type>
		<exchange_date>2019-05-22T14:15:44</exchange_date>
		<base_currency_amount>44.04</base_currency_amount>
		<dlg_bc_line>
			<bc_line_id>1</bc_line_id>
			<bc_header_id>965039245</bc_header_id>
			<dr_cr_flag>DR</dr_cr_flag>
			<amount>44.04</amount>
		</dlg_bc_line>
	</dlg_bc_header>	
		<dlg_bc_header>
		<bc_header_id>965039246</bc_header_id>
		<source>AQUA</source>
		<account_number>27924378</account_number>
		<policy_number>26887434</policy_number>
		<underwriter>9999</underwriter>
		<product_type>TVNATPLAT</product_type>
		<line_of_business>TRAVEL</line_of_business>
		<transaction_reference>5005195</transaction_reference>
		<transaction_date>2019-07-29T14:15:44</transaction_date>
		<transaction_subtype>DirectBillMoneyRcvdTxn</transaction_subtype>
		<transaction_reason>Not applicable - CARD</transaction_reason>
		<cross_reference>28974736</cross_reference>
		<payment_method>Card</payment_method>
		<mid_number>18740705</mid_number>
		<card_type>[missing]</card_type>
		<channel>PHO</channel>
		<order_number>RBSINSBIBIT^RBSTRAVELPREMIUMPHONE^185492</order_number>
		<currency_cd>GBP</currency_cd>
		<exchange_rate>1.0</exchange_rate>
		<exchange_rate_type>DAILY</exchange_rate_type>
		<exchange_date>2019-05-22T14:15:44</exchange_date>
		<base_currency_amount>44.04</base_currency_amount>
		<dlg_bc_line>
			<bc_line_id>1</bc_line_id>
			<bc_header_id>965039246</bc_header_id>
			<dr_cr_flag>CR</dr_cr_flag>
			<amount>44.04</amount>
		</dlg_bc_line>
	</dlg_bc_header>		
	</dlg_bc>
