<soapenv:Envelope xmlns:soapenv="http://schemas.xmlsoap.org/soap/envelope/"
                  xmlns:urn="urn:InsureJ" xmlns:urn1="urn:ListComponentSave"
                  xmlns:xsi="http://www.w3.org/2001/XMLSchema-instance">
    <soapenv:Header>
        <urn:InsureJHeader>
            <urn:role>${#Project#select-contact-id}</urn:role>
        </urn:InsureJHeader>
    </soapenv:Header>
    <soapenv:Body>

        <urn1:component xmlns:urn2="urn:ListComponentSaveSME_INSSMEv1" xsi:type="urn2:ComponentThe_Business">

            <urn1:policyIdentity>${#TestSuite#policy-id}</urn1:policyIdentity>
            <urn1:policyPositionId>${#TestSuite#position-id}</urn1:policyPositionId>
            <urn1:quoteId>${#TestSuite#position-id}</urn1:quoteId>
            <urn1:quoteVariationId>${#TestSuite#variation-id}</urn1:quoteVariationId>

            <urn1:parentIdentity>${#TestSuite#DLG-comp-id}</urn1:parentIdentity>
            <urn1:componentTypeName>The Business</urn1:componentTypeName>
            <urn1:coverageClassCode>The_Business</urn1:coverageClassCode>


            <urn2:companyStatus>DL4B_03</urn2:companyStatus>
            <urn2:subsidiaries>N</urn2:subsidiaries>
            <urn2:yearsTradingAtIncep>2</urn2:yearsTradingAtIncep>
            <urn2:workOutsideUK>2</urn2:workOutsideUK>
            <urn2:frequencyOutsideUK>2</urn2:frequencyOutsideUK>
            <urn2:transactedViaTheUX>strTransactUX</urn2:transactedViaTheUX>

            <urn2:runFromRentedChair>strRentChair</urn2:runFromRentedChair>
            <urn2:mobileBusiness>strMobile</urn2:mobileBusiness>
            <urn2:fromOwnSalon>strSalon</urn2:fromOwnSalon>
            <urn2:workFromHome>strWorkFromHome</urn2:workFromHome>
            <urn2:lastYearTurnoverAmount>
                <urn1:amount>strLastTurnOverAmount</urn1:amount>
            </urn2:lastYearTurnoverAmount>
            <urn2:lastYearTurnoverBand>strLastTurnOverBsnd</urn2:lastYearTurnoverBand>
            <urn2:mobileFoodTrailer>false</urn2:mobileFoodTrailer>
            <urn2:myShop>false</urn2:myShop>
            <urn2:pop_Ups>false</urn2:pop_Ups>
            <urn2:streetFoodStall>false</urn2:streetFoodStall>
            <urn2:online>false</urn2:online>
            <urn2:marketsFairsAndFestivals>false</urn2:marketsFairsAndFestivals>
            <urn2:provideFoodForEvents>false</urn2:provideFoodForEvents>
            <urn2:visitMyCustomers>false</urn2:visitMyCustomers>
            <urn2:sharedRetailSpace>false</urn2:sharedRetailSpace>
            <urn2:fromOwnOffice>false</urn2:fromOwnOffice>
            <urn2:rentDesk>false</urn2:rentDesk>
            <urn2:fromOtherCommercialPremises>false</urn2:fromOtherCommercialPremises>
            <urn2:manualWork>strManualWork</urn2:manualWork>

            <urn2:noOfPPDManualOnly>strPPDManual</urn2:noOfPPDManualOnly>
            <urn2:numberOfEmployeesManualOnly>strEmpManual</urn2:numberOfEmployeesManualOnly>

            <urn2:turnoverBand>150000</urn2:turnoverBand>
            <urn2:turnoverAmount>
                <urn1:amount>0</urn1:amount>
            </urn2:turnoverAmount>

            <urn2:noOfPPD>1</urn2:noOfPPD>
            <urn2:haveEmployees>N</urn2:haveEmployees>
            <urn2:noOfEmployees>0</urn2:noOfEmployees>
            <urn2:noOfEmployeesAdminOnly>0</urn2:noOfEmployeesAdminOnly>
            <urn2:noOfPPDAdminOnly>0</urn2:noOfPPDAdminOnly>

            <urn2:mainTrade>strTradeName</urn2:mainTrade>

            <urn1:listElement xsi:type="urn2:ComponentThe_BusinessItem">
                <urn2:trade>strTradeName</urn2:trade>
                <urn2:isMainTrade>strIsMainTradeCheck</urn2:isMainTrade>
                <urn2:segmentL1>strMainSegmentL1</urn2:segmentL1>
                <urn2:segmentL2>1</urn2:segmentL2>
                <urn2:tradeSegmentLevel1Int>strMainTradeSeglevelInt</urn2:tradeSegmentLevel1Int>
            </urn1:listElement>

            <urn1:listElement xsi:type="urn2:ComponentThe_BusinessItem">
                <urn2:trade>strAnotherTrade1</urn2:trade>
                <urn2:isMainTrade>false</urn2:isMainTrade>
                <urn2:segmentL1>strSecondSegmentL1</urn2:segmentL1>
                <urn2:segmentL2>1</urn2:segmentL2>
                <urn2:tradeSegmentLevel1Int>strSecondTradeSeglevelInt</urn2:tradeSegmentLevel1Int>
            </urn1:listElement>

            <urn2:agreeToStatements>Y</urn2:agreeToStatements>
            <urn2:importantOrRefurbishment>Y</urn2:importantOrRefurbishment>

            <urn2:isRefusedCancelledInsurance>N</urn2:isRefusedCancelledInsurance>
            <urn2:isConviction>N</urn2:isConviction>
            <urn2:isCcj>N</urn2:isCcj>
            <urn2:isIva>N</urn2:isIva>
            <urn2:isBankrupcy>N</urn2:isBankrupcy>
            <urn2:isManufactureBeautyProducts>N</urn2:isManufactureBeautyProducts>

            <urn2:isBusinessStatutoryRegulations>NA</urn2:isBusinessStatutoryRegulations>
            <urn2:isContracts>NA</urn2:isContracts>
            <urn2:isOccupiedAsHolidayHomeHostelDorm>NA</urn2:isOccupiedAsHolidayHomeHostelDorm>
            <urn2:isOvernightOccupation>NA</urn2:isOvernightOccupation>

        </urn1:component>
    </soapenv:Body>
</soapenv:Envelope>