<soapenv:Envelope xmlns:soapenv="http://schemas.xmlsoap.org/soap/envelope/" xmlns:urn="urn:InsureJ" xmlns:urn1="urn:ContactBackgroundProcessContact">
    <soapenv:Header>
        <urn:InsureJHeader>
            <urn:role>QSECOFR</urn:role>
        </urn:InsureJHeader>
    </soapenv:Header>
    <soapenv:Body>
        <urn1:contactDataExportBackgroundProcessQuote>
            <urn1:definitionUniqueReference>597</urn1:definitionUniqueReference>
            <urn1:contactId>${#TestCase#personID}</urn1:contactId>
            <urn1:contactEffectiveDate>${#TestCase#personEffectiveDate}</urn1:contactEffectiveDate>
            <urn1:contactUniqueReference>${#TestCase#personUniqueReference}</urn1:contactUniqueReference>
            <urn1:exportType>Personnel</urn1:exportType>
            <urn1:roleEffectiveDate>${#TestCase#underwriterEffectiveDate}</urn1:roleEffectiveDate>
            <urn1:roleType>${#TestCase#underwriterRoleCode}</urn1:roleType>
        </urn1:contactDataExportBackgroundProcessQuote>
    </soapenv:Body>
</soapenv:Envelope>