<soapenv:Envelope xmlns:soapenv="http://schemas.xmlsoap.org/soap/envelope/" xmlns:urn="urn:InsureJ" xmlns:urn1="urn:PersonUpdate">
    <soapenv:Header>
        <urn:InsureJHeader>
            <urn:role>${#Project#select-contact-id}</urn:role>
        </urn:InsureJHeader>
    </soapenv:Header>
    <soapenv:Body>
        <urn1:contact>
            <urn1:userId>${#TestSuite#person_Id}</urn1:userId>
            <urn1:effectiveDate>2017-12-01</urn1:effectiveDate>
            <urn1:previousEffectiveDate>2017-12-01</urn1:previousEffectiveDate>
            <!--Optional:-->
            <urn1:objectIdentity>${#TestSuite#person_Id}</urn1:objectIdentity>

            <!--Optional:-->
            <urn1:status>9</urn1:status>
            <!--Optional:-->
            <urn1:statusReason>1</urn1:statusReason>


        </urn1:contact>
    </soapenv:Body>
</soapenv:Envelope>