[
  {
    "line": 1,
    "elements": [
      {
        "before": [
          {
            "result": {
              "duration": 277721,
              "status": "passed"
            },
            "match": {
              "location": "AR_Param.before(Scenario)"
            }
          },
          {
            "result": {
              "duration": 128596,
              "status": "passed"
            },
            "match": {
              "location": "FileCompare.before(Scenario)"
            }
          },
          {
            "result": {
              "duration": 58563,
              "status": "passed"
            },
            "match": {
              "location": "ARMissing.before(Scenario)"
            }
          },
          {
            "result": {
              "duration": 95391,
              "status": "passed"
            },
            "match": {
              "location": "ARConcatenateTags.before(Scenario)"
            }
          },
          {
            "result": {
              "duration": 105956,
              "status": "passed"
            },
            "match": {
              "location": "ARLookUpValue.before(Scenario)"
            }
          },
          {
            "result": {
              "duration": 7195458971,
              "status": "passed"
            },
            "match": {
              "location": "ScreenShotHook.beforeScenario(Scenario)"
            }
          }
        ],
        "line": 4,
        "name": "AR Direct Mapping File Comparision",
        "description": "",
        "id": "ar-file-compare;ar-direct-mapping-file-comparision",
        "after": [
          {
            "result": {
              "duration": 114107,
              "status": "passed"
            },
            "match": {
              "location": "ScreenShotHook.afterTest(Scenario)"
            }
          }
        ],
        "type": "scenario",
        "keyword": "Scenario",
        "steps": [
          {
            "result": {
              "duration": 112728798,
              "status": "passed"
            },
            "line": 5,
            "name": "Source xml file",
            "match": {
              "location": "FileCompare.sourceXmlFile()"
            },
            "keyword": "Given "
          },
          {
            "result": {
              "duration": 748034,
              "status": "passed"
            },
            "line": 6,
            "name": "Target csv file",
            "match": {
              "location": "FileCompare.targetCsvFile()"
            },
            "keyword": "When "
          },
          {
            "output": [
              "\t\t\t\t\t\u003cfont color \u003d\"#0E1FED\"\u003e\u003cB\u003eAquarium AR : File - DB Comparision Report\u003c/B\u003e\u003c/font\u003e\t\t\t\t\t",
              "\nCurrent Element :dlg_ar_transaction",
              "----------------------------",
              "-------------------------------------------------------------------------------------------------------------------",
              "\u003cfont color \u003d\"#0E1FED\"\u003e\u003cB\u003eField Name\u003c/B\u003e\u003c/font\u003e \t\t\t\u003cfont color \u003d\"#0E1FED\"\u003e\u003cB\u003eSource Value\u003c/B\u003e\u003c/font\u003e\t\t\t\t\u003cfont color \u003d\"#0E1FED\"\u003e\u003cB\u003eDB value\u003c/B\u003e\u003c/font\u003e \t\t\t\u003cfont color \u003d\"#0E1FED\"\u003e\u003cB\u003eSTATUS\u003c/B\u003e\u003c/font\u003e\t\t\t",
              "-------------------------------------------------------------------------------------------------------------------",
              "id \t\t\t\t25857104 \t\t\t\t25857104 \t\t\t\u003cfont color \u003d\"#0E1FED\"\u003e\u003cB\u003ePASS\u003c/B\u003e\u003c/font\u003e",
              "Base Currency Amount\t\t125.75\t\t\t\t\t125.75\t\t\t\t\u003cfont color \u003d\"#0E1FED\"\u003e\u003cB\u003ePASS\u003c/B\u003e\u003c/font\u003e",
              "Currency_cd\t\t\tGBP\t\t\t\t\tGBP\t\t\t\t\u003cfont color \u003d\"#0E1FED\"\u003e\u003cB\u003ePASS\u003c/B\u003e\u003c/font\u003e",
              "Document Number \t\t25857103\t\t\t\t25857103\t\t\t\u003cfont color \u003d\"#0E1FED\"\u003e\u003cB\u003ePASS\u003c/B\u003e\u003c/font\u003e",
              "interface_line_attribute1\tMy Airlines\t\t\t\tMy Airlines\t\t\t\u003cfont color \u003d\"#0E1FED\"\u003e\u003cB\u003ePASS\u003c/B\u003e\u003c/font\u003e",
              "interface_line_attribute2\t2017-11-07T00:00:00\t\t\t2017-11-07T00:00:00\t\t\u003cfont color \u003d\"#0E1FED\"\u003e\u003cB\u003ePASS\u003c/B\u003e\u003c/font\u003e",
              "interface_line_attribute4\t0\t\t\t\t\t0\t\t\t\t\u003cfont color \u003d\"#0E1FED\"\u003e\u003cB\u003ePASS\u003c/B\u003e\u003c/font\u003e",
              "interface_line_attribute5\t1.0\t\t\t\t\t1.0\t\t\t\t\u003cfont color \u003d\"#0E1FED\"\u003e\u003cB\u003ePASS\u003c/B\u003e\u003c/font\u003e",
              "interface_line_attribute6\tGBP\t\t\t\t\tGBP\t\t\t\t\u003cfont color \u003d\"#0E1FED\"\u003e\u003cB\u003ePASS\u003c/B\u003e\u003c/font\u003e",
              "interface_line_attribute7\t125.75\t\t\t\t\t125.75\t\t\t\t\u003cfont color \u003d\"#0E1FED\"\u003e\u003cB\u003ePASS\u003c/B\u003e\u003c/font\u003e",
              "interface_line_attribute8\tHardcoded value - \u0027LINE\u0027\t\t\u0027LINE\u0027\t\t\t\t\u003cfont color \u003d\"#0E1FED\"\u003e\u003cB\u003ePASS\u003c/B\u003e\u003c/font\u003e",
              "interface_line_attribute9\t27592289\t\t\t\t27592289\t\t\t\u003cfont color \u003d\"#0E1FED\"\u003e\u003cB\u003ePASS\u003c/B\u003e\u003c/font\u003e",
              "interface_line_attribute14\t25857103\t\t\t\t25857103\t\t\t\u003cfont color \u003d\"#0E1FED\"\u003e\u003cB\u003ePASS\u003c/B\u003e\u003c/font\u003e",
              "header_attribute1\t\t27592289\t\t\t\t27592289\t\t\t\u003cfont color \u003d\"#0E1FED\"\u003e\u003cB\u003ePASS\u003c/B\u003e\u003c/font\u003e",
              "header_attribute2\t\t25857103\t\t\t\t25857103\t\t\t\u003cfont color \u003d\"#0E1FED\"\u003e\u003cB\u003ePASS\u003c/B\u003e\u003c/font\u003e",
              "header_attribute3\t\t26355014\t\t\t\t26355014\t\t\t\u003cfont color \u003d\"#0E1FED\"\u003e\u003cB\u003ePASS\u003c/B\u003e\u003c/font\u003e",
              "header_attribute4\t\tOther\t\t\t\t\tOther\t\t\t\t\u003cfont color \u003d\"#0E1FED\"\u003e\u003cB\u003ePASS\u003c/B\u003e\u003c/font\u003e",
              "header_attribute5\t\tMy Airlines\t\t\t\tMy Airlines\t\t\t\u003cfont color \u003d\"#0E1FED\"\u003e\u003cB\u003ePASS\u003c/B\u003e\u003c/font\u003e",
              "header_attribute6\t\t9999\t\t\t\t\t9999\t\t\t\t\u003cfont color \u003d\"#0E1FED\"\u003e\u003cB\u003ePASS\u003c/B\u003e\u003c/font\u003e",
              "header_attribute7\t\tNatWest_Tvl\t\t\t\tNatWest_Tvl\t\t\t\u003cfont color \u003d\"#0E1FED\"\u003e\u003cB\u003ePASS\u003c/B\u003e\u003c/font\u003e",
              "header_attribute8\t\tTVANNUAL\t\t\t\tTVANNUAL\t\t\t\u003cfont color \u003d\"#0E1FED\"\u003e\u003cB\u003ePASS\u003c/B\u003e\u003c/font\u003e",
              "header_attribute9\t\trecovery_Ins\t\t\t\trecovery_Ins\t\t\t\u003cfont color \u003d\"#0E1FED\"\u003e\u003cB\u003ePASS\u003c/B\u003e\u003c/font\u003e",
              "header_attribute10\t\tOther\t\t\t\t\tOther\t\t\t\t\u003cfont color \u003d\"#0E1FED\"\u003e\u003cB\u003ePASS\u003c/B\u003e\u003c/font\u003e",
              "header_attribute11\t\tinitial_Ins\t\t\t\tinitial_Ins\t\t\t\u003cfont color \u003d\"#0E1FED\"\u003e\u003cB\u003ePASS\u003c/B\u003e\u003c/font\u003e",
              "header_attribute12\t\tGBP\t\t\t\t\tGBP\t\t\t\t\u003cfont color \u003d\"#0E1FED\"\u003e\u003cB\u003ePASS\u003c/B\u003e\u003c/font\u003e",
              "header_attribute13\t\t125.75\t\t\t\t\t125.75\t\t\t\t\u003cfont color \u003d\"#0E1FED\"\u003e\u003cB\u003ePASS\u003c/B\u003e\u003c/font\u003e",
              "header_attribute14\t\t25857103\t\t\t\t25857103\t\t\t\u003cfont color \u003d\"#0E1FED\"\u003e\u003cB\u003ePASS\u003c/B\u003e\u003c/font\u003e",
              "line_type\t\t\tHardcoded value - \u0027LINE\u0027\t\t\u0027LINE\u0027\t\t\t\t\u003cfont color \u003d\"#0E1FED\"\u003e\u003cB\u003ePASS\u003c/B\u003e\u003c/font\u003e",
              "taxable_flag\t\t\tHardcoded value - \u0027N\u0027\t\t\t\u0027N\u0027\t\t\t\t\u003cfont color \u003d\"#0E1FED\"\u003e\u003cB\u003ePASS\u003c/B\u003e\u003c/font\u003e",
              "trx_date\t\t\t2017-11-20T11:40:03\t\t\t2017-11-20T11:40:03\t\t\u003cfont color \u003d\"#0E1FED\"\u003e\u003cB\u003ePASS\u003c/B\u003e\u003c/font\u003e",
              "unit_selling_price\t\t125.75\t\t\t\t\t125.75\t\t\t\t\u003cfont color \u003d\"#0E1FED\"\u003e\u003cB\u003ePASS\u003c/B\u003e\u003c/font\u003e",
              "HEADER_GDF_ATTRIBUTE1\t\tAQUA:25857104\t\t\t\tAQUA:25857104\t\t\t\u003cfont color \u003d\"#0E1FED\"\u003e\u003cB\u003ePASS\u003c/B\u003e\u003c/font\u003e",
              "\nCurrent Element :dlg_ar_transaction",
              "----------------------------",
              "---------------------------------------------------------------------------------------------------------------",
              "\u003cfont color \u003d\"#0E1FED\"\u003e\u003cB\u003eTOTAL VERIFICATION\u003c/B\u003e\u003c/font\u003e:\t\t\t32\t\t\u003cfont color \u003d\"#0E1FED\"\u003e\u003cB\u003ePassed\u003c/B\u003e\u003c/font\u003e\t:32\t\t\t\u003cfont color \u003d\"#ff1a1a\"\u003e\u003cB\u003eFailed\u003c/B\u003e\u003c/font\u003e\t:0",
              "---------------------------------------------------------------------------------------------------------------"
            ],
            "result": {
              "duration": 47120086,
              "status": "passed"
            },
            "line": 7,
            "name": "validate the tags",
            "match": {
              "location": "FileCompare.validateTheTags()"
            },
            "keyword": "Then "
          }
        ],
        "tags": [
          {
            "name": "@ARFileCompare"
          }
        ]
      },
      {
        "before": [
          {
            "result": {
              "duration": 63393,
              "status": "passed"
            },
            "match": {
              "location": "AR_Param.before(Scenario)"
            }
          },
          {
            "result": {
              "duration": 39847,
              "status": "passed"
            },
            "match": {
              "location": "FileCompare.before(Scenario)"
            }
          },
          {
            "result": {
              "duration": 38337,
              "status": "passed"
            },
            "match": {
              "location": "ARMissing.before(Scenario)"
            }
          },
          {
            "result": {
              "duration": 35621,
              "status": "passed"
            },
            "match": {
              "location": "ARConcatenateTags.before(Scenario)"
            }
          },
          {
            "result": {
              "duration": 32904,
              "status": "passed"
            },
            "match": {
              "location": "ARLookUpValue.before(Scenario)"
            }
          },
          {
            "result": {
              "duration": 271984,
              "status": "passed"
            },
            "match": {
              "location": "ScreenShotHook.beforeScenario(Scenario)"
            }
          }
        ],
        "line": 10,
        "name": "AR Source Tag Concatenate and Validate in Target Table",
        "description": "",
        "id": "ar-file-compare;ar-source-tag-concatenate-and-validate-in-target-table",
        "after": [
          {
            "result": {
              "duration": 49808,
              "status": "passed"
            },
            "match": {
              "location": "ScreenShotHook.afterTest(Scenario)"
            }
          }
        ],
        "type": "scenario",
        "keyword": "Scenario",
        "steps": [
          {
            "result": {
              "duration": 189574,
              "status": "passed"
            },
            "line": 11,
            "name": "Xml Source file",
            "match": {
              "location": "ARConcatenateTags.XmlSourceFile()"
            },
            "keyword": "Given "
          },
          {
            "result": {
              "duration": 644492,
              "status": "passed"
            },
            "line": 12,
            "name": "Target CSV File with Concatenate value",
            "match": {
              "location": "ARConcatenateTags.targetCSVFileWithNullValue()"
            },
            "keyword": "When "
          },
          {
            "output": [
              "\t\t\t\t\t\u003cfont color \u003d\"#0E1FED\"\u003e\u003cB\u003eAquarium AR : File - DB Comparision Report\u003c/B\u003e\u003c/font\u003e\t\t\t\t\t",
              "File Name   :\t\tARConcatenateTagFileCompare.csv",
              "\nCurrent Element :dlg_ar_transaction",
              "----------------------------",
              "-------------------------------------------------------------------------------------------------------------------",
              "\u003cfont color \u003d\"#0E1FED\"\u003e\u003cB\u003eField Name\u003c/B\u003e\u003c/font\u003e\t\t\t\u003cfont color \u003d\"#0E1FED\"\u003e\u003cB\u003eSource Value\u003c/B\u003e\u003c/font\u003e\t\t\t\t\u003cfont color \u003d\"#0E1FED\"\u003e\u003cB\u003eDB value\u003c/B\u003e\u003c/font\u003e\t\t\t\u003cfont color \u003d\"#0E1FED\"\u003e\u003cB\u003eSTATUS\u003c/B\u003e\u003c/font\u003e\t\t\t\t",
              "-------------------------------------------------------------------------------------------------------------------",
              "id \t\t\t\t25857104\t\t\t\t25857104\t\t\t\u003cfont color \u003d\"#0E1FED\"\u003e\u003cB\u003ePASS\u003c/B\u003e\u003c/font\u003e",
              "description\t\t\t2759228925857103\t\t\t2759228925857103\t\t\u003cfont color \u003d\"#0E1FED\"\u003e\u003cB\u003ePASS\u003c/B\u003e\u003c/font\u003e",
              "Brand\t\t\t\tNatWest_Tvl\t\t\t\tNatWest_Tvl\t\t\t\u003cfont color \u003d\"#0E1FED\"\u003e\u003cB\u003ePASS\u003c/B\u003e\u003c/font\u003e",
              "trx_number \t\t\t27592289~25857103\t\t\t27592289~25857103\t\t\u003cfont color \u003d\"#0E1FED\"\u003e\u003cB\u003ePASS\u003c/B\u003e\u003c/font\u003e",
              "cust_trx_type_name \t\tTVANNUAL~TVNATPLAT~New~0~N\t\tTVANNUAL~TVNATPLAT~New~0~N\t\u003cfont color \u003d\"#0E1FED\"\u003e\u003cB\u003ePASS\u003c/B\u003e\u003c/font\u003e",
              "\nCurrent Element :dlg_ar_transaction",
              "----------------------------",
              "---------------------------------------------------------------------------------------------------------------",
              "\u003cfont color \u003d\"#0E1FED\"\u003e\u003cB\u003eTOTAL VERIFICATION\u003c/B\u003e\u003c/font\u003e:\t\t\t5\t\t\u003cfont color \u003d\"#0E1FED\"\u003e\u003cB\u003ePassed\u003c/B\u003e\u003c/font\u003e\t:5\t\t\t\u003cfont color \u003d\"#ff1a1a\"\u003e\u003cB\u003eFailed\u003c/B\u003e\u003c/font\u003e\t:0",
              "---------------------------------------------------------------------------------------------------------------"
            ],
            "result": {
              "duration": 9319932,
              "status": "passed"
            },
            "line": 13,
            "name": "Validate the Concatenate values in Target Table",
            "match": {
              "location": "ARConcatenateTags.validateMissingTagValuesInTargetTable()"
            },
            "keyword": "Then "
          }
        ],
        "tags": [
          {
            "name": "@ARFileCompare"
          }
        ]
      },
      {
        "before": [
          {
            "result": {
              "duration": 46186,
              "status": "passed"
            },
            "match": {
              "location": "AR_Param.before(Scenario)"
            }
          },
          {
            "result": {
              "duration": 31999,
              "status": "passed"
            },
            "match": {
              "location": "FileCompare.before(Scenario)"
            }
          },
          {
            "result": {
              "duration": 28376,
              "status": "passed"
            },
            "match": {
              "location": "ARMissing.before(Scenario)"
            }
          },
          {
            "result": {
              "duration": 25659,
              "status": "passed"
            },
            "match": {
              "location": "ARConcatenateTags.before(Scenario)"
            }
          },
          {
            "result": {
              "duration": 29885,
              "status": "passed"
            },
            "match": {
              "location": "ARLookUpValue.before(Scenario)"
            }
          },
          {
            "result": {
              "duration": 119239,
              "status": "passed"
            },
            "match": {
              "location": "ScreenShotHook.beforeScenario(Scenario)"
            }
          }
        ],
        "line": 16,
        "name": "AR Source Missing Tag and Validate LookUp Value in Target Table",
        "description": "",
        "id": "ar-file-compare;ar-source-missing-tag-and-validate-lookup-value-in-target-table",
        "after": [
          {
            "result": {
              "duration": 44677,
              "status": "passed"
            },
            "match": {
              "location": "ScreenShotHook.afterTest(Scenario)"
            }
          }
        ],
        "type": "scenario",
        "keyword": "Scenario",
        "steps": [
          {
            "result": {
              "duration": 196517,
              "status": "passed"
            },
            "line": 17,
            "name": "Xml Source file with Missing LookUp Fields",
            "match": {
              "location": "ARLookUpValue.XmlSourceFileWithMissingLookUpFields()"
            },
            "keyword": "Given "
          },
          {
            "result": {
              "duration": 767052,
              "status": "passed"
            },
            "line": 18,
            "name": "Target CSV File with LookUp value",
            "match": {
              "location": "ARLookUpValue.targetCSVFileWithLookUpValue()"
            },
            "keyword": "When "
          },
          {
            "result": {
              "duration": 194404,
              "status": "passed"
            },
            "line": 19,
            "name": "Read the LookUp file",
            "match": {
              "location": "ARLookUpValue.readTheLookUpFile()"
            },
            "keyword": "Then "
          },
          {
            "output": [
              "\t\t\t\t\t\u003cfont color \u003d\"#0E1FED\"\u003e\u003cB\u003eAquarium AR : File - DB Comparision Report\u003c/B\u003e\u003c/font\u003e\t\t\t\t\t",
              "\nCurrent Element :dlg_ar_transaction",
              "----------------------------",
              "\t\t\t\t\t Maintainable Lookup \t\t\t\t\t",
              "-------------------------------------------------------------------------------------------------------------------",
              "\u003cfont color \u003d\"#0E1FED\"\u003e\u003cB\u003eSystem Maintainable Field Name\u003c/B\u003e\u003c/font\u003e\t\t\u003cfont color \u003d\"#0E1FED\"\u003e\u003cB\u003eLookUp Value\u003c/B\u003e\u003c/font\u003e\t\t\t\t\u003cfont color \u003d\"#0E1FED\"\u003e\u003cB\u003eDB value\u003c/B\u003e\u003c/font\u003e\t\t\t\u003cfont color \u003d\"#0E1FED\"\u003e\u003cB\u003eSTATUS\u003c/B\u003e\u003c/font\u003e\t\t\t\t",
              "-------------------------------------------------------------------------------------------------------------------",
              "id \t\t\t\t\t25857104\t\t\t\t25857104\t\t\t\u003cfont color \u003d\"#0E1FED\"\u003e\u003cB\u003ePASS\u003c/B\u003e\u003c/font\u003e",
              "conversion_type \t\t\tUser\t\t\t\t\tUser\t\t\t\t\u003cfont color \u003d\"#0E1FED\"\u003e\u003cB\u003ePASS\u003c/B\u003e\u003c/font\u003e",
              "conversion_rate\t\t\t\t1\t\t\t\t\t1\t\t\t\t\u003cfont color \u003d\"#0E1FED\"\u003e\u003cB\u003ePASS\u003c/B\u003e\u003c/font\u003e",
              "batch_source_name \t\t\tRBS AQU recoveries\t\t\tRBS AQU recoveries\t\t\u003cfont color \u003d\"#0E1FED\"\u003e\u003cB\u003ePASS\u003c/B\u003e\u003c/font\u003e",
              "interface_line_context\t\t\tAQU CLAIMS INVOICE\t\t\tAQU CLAIMS INVOICE\t\t\u003cfont color \u003d\"#0E1FED\"\u003e\u003cB\u003ePASS\u003c/B\u003e\u003c/font\u003e",
              "attribute_category\t\t\tAQU CLAIMS INVOICE\t\t\tAQU CLAIMS INVOICE\t\t\u003cfont color \u003d\"#0E1FED\"\u003e\u003cB\u003ePASS\u003c/B\u003e\u003c/font\u003e",
              "header_attribute_category\t\tAQU CLAIMS INVOICE\t\t\tAQU CLAIMS INVOICE\t\t\u003cfont color \u003d\"#0E1FED\"\u003e\u003cB\u003ePASS\u003c/B\u003e\u003c/font\u003e",
              "orig_system_bill_address_ref \t\t874501\t\t\t\t\t874501\t\t\t\t\u003cfont color \u003d\"#0E1FED\"\u003e\u003cB\u003ePASS\u003c/B\u003e\u003c/font\u003e",
              "orig_system_bill_customer_ref \t\t5157708\t\t\t\t\t5157708\t\t\t\t\u003cfont color \u003d\"#0E1FED\"\u003e\u003cB\u003ePASS\u003c/B\u003e\u003c/font\u003e",
              "quantity \t\t\t\t1\t\t\t\t\t1\t\t\t\t\u003cfont color \u003d\"#0E1FED\"\u003e\u003cB\u003ePASS\u003c/B\u003e\u003c/font\u003e",
              "quantity_ordered \t\t\t1\t\t\t\t\t1\t\t\t\t\u003cfont color \u003d\"#0E1FED\"\u003e\u003cB\u003ePASS\u003c/B\u003e\u003c/font\u003e",
              "set_of_books_id \t\t\t2021\t\t\t\t\t2021\t\t\t\t\u003cfont color \u003d\"#0E1FED\"\u003e\u003cB\u003ePASS\u003c/B\u003e\u003c/font\u003e",
              "tax_rate_code\t\t\t\tSTANDARD VAT\t\t\t\tSTANDARD VAT\t\t\t\u003cfont color \u003d\"#0E1FED\"\u003e\u003cB\u003ePASS\u003c/B\u003e\u003c/font\u003e",
              "\nCurrent Element :dlg_ar_transaction",
              "----------------------------",
              "---------------------------------------------------------------------------------------------------------------",
              "\u003cfont color \u003d\"#0E1FED\"\u003e\u003cB\u003eTOTAL PASS VERIFICATION\u003c/B\u003e\u003c/font\u003e:\t\t\t13\t\t\u003cfont color \u003d\"#0E1FED\"\u003e\u003cB\u003ePassed\u003c/B\u003e\u003c/font\u003e\t:13\t\t\t\u003cfont color \u003d\"#ff1a1a\"\u003e\u003cB\u003eFailed\u003c/B\u003e\u003c/font\u003e\t:0",
              "---------------------------------------------------------------------------------------------------------------"
            ],
            "result": {
              "duration": 2379982099,
              "status": "passed"
            },
            "line": 20,
            "name": "Validate the LookUp values in Target Table",
            "match": {
              "location": "ARLookUpValue.validateTheLookUpValuesInTargetTable()"
            },
            "keyword": "Then "
          }
        ],
        "tags": [
          {
            "name": "@ARFileCompare"
          }
        ]
      }
    ],
    "name": "AR File Compare",
    "description": "",
    "id": "ar-file-compare",
    "keyword": "Feature",
    "uri": "D:/Workspace/EVO-TestAutomation/src/test/resources/features/Ebuz/Test.feature",
    "tags": []
  }
]