<soapenv:Envelope xmlns:soapenv="http://schemas.xmlsoap.org/soap/envelope/" xmlns:urn="urn:InsureJ"
                  xmlns:urn1="urn:ListComponentSave" xmlns:xsi="http://www.w3.org/2001/XMLSchema-instance">
    <soapenv:Header>
        <urn:InsureJHeader>
            <!--<urn:role>SSYB</urn:role>-->
            <urn:role>THIV</urn:role>
            <!--urn:role>google</urn:role-->
        </urn:InsureJHeader>
    </soapenv:Header>
    <soapenv:Body>

        <urn1:component xmlns:urn2="urn:ListComponentSaveSME_INSSMEv1" xsi:type="urn2:ComponentPremise">

            <urn1:policyIdentity>6951</urn1:policyIdentity>
            <urn1:policyPositionId>7216</urn1:policyPositionId>
            <urn1:quoteId>7216</urn1:quoteId>
            <urn1:quoteVariationId>7160</urn1:quoteVariationId>

            <urn1:parentIdentity>70132</urn1:parentIdentity>
            <urn1:componentTypeName>Premise</urn1:componentTypeName>
            <urn1:coverageClassCode>Premise</urn1:coverageClassCode>


            <urn2:buildingType>1</urn2:buildingType>

            <urn2:homeType>083</urn2:homeType>

            <urn2:yearOfConstruction>7</urn2:yearOfConstruction>

            <urn2:grade1Listed>N</urn2:grade1Listed>

            <urn2:buildingStandardConstruction>Y</urn2:buildingStandardConstruction>

            <urn2:roofStandardConstruction>Y</urn2:roofStandardConstruction>

            <urn2:standardHeating>1</urn2:standardHeating>

            <urn2:barsAndGrilles>true</urn2:barsAndGrilles>

            <!--urn2:steelLinedExternalDoors>true</urn2:steelLinedExternalDoors>

            <urn2:metalRollerShutter>true</urn2:metalRollerShutter>

            <urn2:cCTVMonitoring>false</urn2:cCTVMonitoring>

            <urn2:intruderAlarm>true</urn2:intruderAlarm-->

            <!--urn2:enclosedShoppingCentre>true</urn2:enclosedShoppingCentre>

            <urn2:proposerResidingAbove>true</urn2:proposerResidingAbove-->

            <!--urn2:alarmType>018</urn2:alarmType-->

            <!--urn2:intruderSoleControl>Y</urn2:intruderSoleControl-->

            <!--urn2:alarmPoliceResponse>1</urn2:alarmPoliceResponse-->

            <!--urn2:alarmMaintenance>007</urn2:alarmMaintenance-->

            <urn2:securityNoneOfTheAbove>true</urn2:securityNoneOfTheAbove>

            <urn2:numberOfBedrooms>3</urn2:numberOfBedrooms>


        </urn1:component>
    </soapenv:Body>
</soapenv:Envelope>