<soapenv:Envelope xmlns:soapenv="http://schemas.xmlsoap.org/soap/envelope/"
                  xmlns:urn="urn:InsureJ"

                  xmlns:urn1="urn:ListComponentSave"
                  xmlns:xsi="http://www.w3.org/2001/XMLSchema-instance">
    <soapenv:Header>
        <urn:InsureJHeader>
            <urn:role>${#Project#select-contact-id}</urn:role>
        </urn:InsureJHeader>
    </soapenv:Header>
    <soapenv:Body>

        <urn1:component xmlns:urn2="urn:ListComponentSaveSME_INSSMEv1" xsi:type="urn2:Componentrisk_Add">

            <urn1:policyIdentity>${#TestSuite#policy-id}</urn1:policyIdentity>
            <urn1:policyPositionId>${#TestSuite#position-id}</urn1:policyPositionId>
            <urn1:quoteId>${#TestSuite#position-id}</urn1:quoteId>
            <urn1:quoteVariationId>${#TestSuite#variation-id}</urn1:quoteVariationId>

            <urn1:parentIdentity>${#TestSuite#The_Business-comp-id}</urn1:parentIdentity>
            <urn1:componentTypeName>Risk Address</urn1:componentTypeName>
            <urn1:coverageClassCode>risk_Add</urn1:coverageClassCode>


            <urn2:riskAddress>
                <urn1:singleLineAddress>29 Chalk Hill Road NORWICH AB10 1AB United Kingdom</urn1:singleLineAddress>
                <urn1:formattedAddress>29 Chalk Hill Road NORWICH AB10 1AB United Kingdom</urn1:formattedAddress>
                <urn1:postCode>AB10 1AB</urn1:postCode>
                <urn1:line1>29 Chalk Hill Road</urn1:line1>
                <urn1:line2>NORWICH</urn1:line2>
                <urn1:city>NORWICH</urn1:city>
                <urn1:state>NORWICH</urn1:state>
                <urn1:country>United Kingdom</urn1:country>
                <urn1:format>7</urn1:format>
            </urn2:riskAddress>

            <urn2:propertyType>strPremisesType</urn2:propertyType>

            <urn2:aTM>1</urn2:aTM>

            <urn2:notStartedTrading>false</urn2:notStartedTrading>

            <urn2:premisesIsUnoccupied>false</urn2:premisesIsUnoccupied>

            <urn2:unoccupiedPeriod>false</urn2:unoccupiedPeriod>

            <urn2:unoccupiedNoneOfTheAbove>true</urn2:unoccupiedNoneOfTheAbove>

            <urn2:soleOccupancy>Y</urn2:soleOccupancy>

            <urn2:flats>N</urn2:flats>

            <urn2:offices>N</urn2:offices>

            <urn2:otherTypeOfRetailUnit>N</urn2:otherTypeOfRetailUnit>

            <urn2:foodTakeawayPubRestCoffeeBar>N</urn2:foodTakeawayPubRestCoffeeBar>

            <urn2:vacantCommercialUnits>N</urn2:vacantCommercialUnits>

            <urn2:otherTypeOfCommercialUnits>N</urn2:otherTypeOfCommercialUnits>

            <urn2:soleControlOfAccessPoints>Y</urn2:soleControlOfAccessPoints>

            <urn2:isThisAlsoYourHome>strisThisAlsoYourHome</urn2:isThisAlsoYourHome>

            <urn2:anyOtherServicesOrActivities>strOtherServiceActivities</urn2:anyOtherServicesOrActivities>

            <urn2:alcoholLicenseAtPremises>srtAlcohol</urn2:alcoholLicenseAtPremises>

            <!--urn2:numberOfBedrooms></urn2:numberOfBedrooms>
            <urn2:soleOccupancyScreenBehaviour></urn2:soleOccupancyScreenBehaviour>
            <urn2:numberOfBedroomsReferTrigger></urn2:numberOfBedroomsReferTrigger-->

            <urn1:listElement xsi:type="urn2:Componentrisk_AddItem">
                <urn2:trade>strTradeName</urn2:trade>
                <urn2:isMainTrade>true</urn2:isMainTrade>
                <urn2:atRiskAddress>true</urn2:atRiskAddress>
            </urn1:listElement>

            <!--urn1:listElement xsi:type="urn2:Componentrisk_AddItem">
                    <urn2:trade>132</urn2:trade>
                    <urn2:isMainTrade>false</urn2:isMainTrade>
                    <urn2:atRiskAddress>false</urn2:atRiskAddress>
                </urn1:listElement-->

        </urn1:component>
    </soapenv:Body>
</soapenv:Envelope>