<soapenv:Envelope xmlns:soapenv="http://schemas.xmlsoap.org/soap/envelope/"
                  xmlns:urn="urn:InsureJ" xmlns:urn1="urn:ComponentSave"
                  xmlns:xsi="http://www.w3.org/2001/XMLSchema-instance">
    <soapenv:Header>
        <urn:InsureJHeader>
            <urn:role>${#Project#select-contact-id}</urn:role>
        </urn:InsureJHeader>
    </soapenv:Header>
    <soapenv:Body>
        <urn1:component xmlns:urn2="urn:ComponentSaveSME_INSSMEv1" xsi:type="urn2:ComponentPAP_BusCont">
            <urn1:policyIdentity>${#TestSuite#policy-id}</urn1:policyIdentity>
            <urn1:policyPositionId>${#TestSuite#position-id}</urn1:policyPositionId>
            <urn1:quoteId>${#TestSuite#position-id}</urn1:quoteId>
            <urn1:quoteVariationId>${#TestSuite#variation-id}</urn1:quoteVariationId>

            <urn1:parentIdentity>${#TestSuite#BussCnt_PAP-comp-id}</urn1:parentIdentity>

            <urn1:componentTypeName>Business Contents</urn1:componentTypeName>
            <urn1:coverageClassCode>PAP_BusCont</urn1:coverageClassCode>

            <!--Business tools and Equipment -->
            <urn2:contentsType>strContentType</urn2:contentsType>

            <urn2:contentsSumInsured>
                <urn1:amount>strAmount</urn1:amount>
            </urn2:contentsSumInsured>
            <urn2:excess>strExcess</urn2:excess>
            <urn2:territory>1</urn2:territory>
        </urn1:component>
    </soapenv:Body>
</soapenv:Envelope>