<soapenv:Envelope xmlns:soapenv="http://schemas.xmlsoap.org/soap/envelope/"
                  xmlns:urn="urn:InsureJ"
                  xmlns:urn0="urn:GroupComponentSave"
                  xmlns:urn1="urn:ComponentSave"
                  xmlns:xsi="http://www.w3.org/2001/XMLSchema-instance">
    <soapenv:Header>
        <urn:InsureJHeader>
            <urn:role>${#Project#select-contact-id}</urn:role>
        </urn:InsureJHeader>
    </soapenv:Header>
    <soapenv:Body>
        <urn1:component xmlns:urn2="urn:GroupComponentSaveSME_INSSMEv1" xsi:type="urn2:ComponentBusiness_Int">
            <urn1:policyIdentity>${#TestSuite#policy-id}</urn1:policyIdentity>
            <urn1:policyPositionId>${#TestSuite#position-id}</urn1:policyPositionId>
            <urn1:quoteId>${#TestSuite#position-id}</urn1:quoteId>
            <urn1:quoteVariationId>${#TestSuite#variation-id}</urn1:quoteVariationId>

            <urn1:parentIdentity>${#TestSuite#The_Business-comp-id}</urn1:parentIdentity>
            <urn1:componentTypeName>Group Parent</urn1:componentTypeName>
            <urn1:coverageClassCode>Business_Int</urn1:coverageClassCode>

            <urn0:groupChildren>

                <urn0:component xmlns:urn2="urn:GroupComponentSaveSME_INSSMEv1" xsi:type="urn2:ComponentBIn_Std">
                    <urn1:componentTypeName>Business Interruption</urn1:componentTypeName>
                    <urn1:coverageClassCode>BIn_Std</urn1:coverageClassCode>

                    <urn1:coverageTaken>true</urn1:coverageTaken>
                </urn0:component>

                <urn0:component xmlns:urn2="urn:GroupComponentSaveSME_INSSMEv1" xsi:type="urn2:ComponentBIn_OwnP">
                    <urn1:componentTypeName>Business Interruption at Own Premises</urn1:componentTypeName>
                    <urn1:coverageClassCode>BIn_OwnP</urn1:coverageClassCode>

                    <urn1:coverageTaken>false</urn1:coverageTaken>
                </urn0:component>

                <urn0:component xmlns:urn2="urn:GroupComponentSaveSME_INSSMEv1"
                                xsi:type="urn2:ComponentPuL_Temp_Employ">
                    <urn1:componentTypeName>Temporary Employees</urn1:componentTypeName>
                    <urn1:coverageClassCode>PuL_Temp_Employ</urn1:coverageClassCode>

                    <urn1:coverageTaken>false</urn1:coverageTaken>
                </urn0:component>

                <urn0:component xmlns:urn2="urn:GroupComponentSaveSME_INSSMEv1" xsi:type="urn2:ComponentBIn_KeyPerson">
                    <urn1:componentTypeName>Key Person</urn1:componentTypeName>
                    <urn1:coverageClassCode>BIn_KeyPerson</urn1:coverageClassCode>

                    <urn1:coverageTaken>false</urn1:coverageTaken>
                </urn0:component>

                <urn0:component xmlns:urn2="urn:GroupComponentSaveSME_INSSMEv1" xsi:type="urn2:ComponentBIn_LossLic">
                    <urn1:componentTypeName>Loss of Licence</urn1:componentTypeName>
                    <urn1:coverageClassCode>BIn_LossLic</urn1:coverageClassCode>

                    <urn1:coverageTaken>false</urn1:coverageTaken>
                </urn0:component>

            </urn0:groupChildren>
        </urn1:component>
    </soapenv:Body>
</soapenv:Envelope>