<soapenv:Envelope xmlns:soapenv="http://schemas.xmlsoap.org/soap/envelope/"
                  xmlns:urn="urn:InsureJ"
                  xmlns:urn0="urn:GroupComponentSave"
                  xmlns:urn1="urn:ComponentSave"
                  xmlns:xsi="http://www.w3.org/2001/XMLSchema-instance">
    <soapenv:Header>
        <urn:InsureJHeader>
            <urn:role>${#Project#select-contact-id}</urn:role>
        </urn:InsureJHeader>
    </soapenv:Header>
    <soapenv:Body>
        <urn1:component xmlns:urn2="urn:GroupComponentSaveSME_INSSMEv1" xsi:type="urn2:ComponentEmploy_Liability">
            <urn1:policyIdentity>${#TestSuite#policy-id}</urn1:policyIdentity>
            <urn1:policyPositionId>${#TestSuite#position-id}</urn1:policyPositionId>
            <urn1:quoteId>${#TestSuite#position-id}</urn1:quoteId>
            <urn1:quoteVariationId>${#TestSuite#variation-id}</urn1:quoteVariationId>

            <urn1:parentIdentity>${#TestSuite#The_Business-comp-id}</urn1:parentIdentity>
            <urn1:componentTypeName>Group Parent</urn1:componentTypeName>
            <urn1:coverageClassCode>Employ_Liability</urn1:coverageClassCode>

            <urn0:groupChildren>

                <urn0:component xmlns:urn2="urn:GroupComponentSaveSME_INSSMEv1" xsi:type="urn2:ComponentEmL_Std">
                    <urn1:componentTypeName>Employers Liability Standard</urn1:componentTypeName>
                    <urn1:coverageClassCode>EmL_Std</urn1:coverageClassCode>

                    <urn1:coverageTaken>false</urn1:coverageTaken>
                </urn0:component>

                <urn0:component xmlns:urn2="urn:GroupComponentSaveSME_INSSMEv1"
                                xsi:type="urn2:ComponentEmL_Work_Partner">
                    <urn1:componentTypeName>Working Partners</urn1:componentTypeName>
                    <urn1:coverageClassCode>EmL_Work_Partner</urn1:coverageClassCode>

                    <urn1:coverageTaken>false</urn1:coverageTaken>
                </urn0:component>

                <urn0:component xmlns:urn2="urn:GroupComponentSaveSME_INSSMEv1"
                                xsi:type="urn2:ComponentEmL_Temp_Employ">
                    <urn1:componentTypeName>Temporary Employees</urn1:componentTypeName>
                    <urn1:coverageClassCode>EmL_Temp_Employ</urn1:coverageClassCode>

                    <urn1:coverageTaken>false</urn1:coverageTaken>
                </urn0:component>

                <urn0:component xmlns:urn2="urn:GroupComponentSaveSME_INSSMEv1" xsi:type="urn2:ComponentEmL_MWA">
                    <urn1:componentTypeName>Manual Work Away</urn1:componentTypeName>
                    <urn1:coverageClassCode>EmL_Work_Partner</urn1:coverageClassCode>

                    <urn1:coverageTaken>false</urn1:coverageTaken>
                </urn0:component>


            </urn0:groupChildren>
        </urn1:component>
    </soapenv:Body>
</soapenv:Envelope>