<soapenv:Envelope xmlns:soapenv="http://schemas.xmlsoap.org/soap/envelope/"
                  xmlns:urn="urn:InsureJ" xmlns:v1="http://www.ssp-uk.com/CompanyMessages/v1"
                  xmlns:v11="http://www.ssp-uk.com/Company/v1"
                  xmlns:v12="http://www.ssp-uk.com/common/v1">

    <soapenv:Header>
        <urn:InsureJHeader>
            <urn:role>${#Project#select-contact-id}</urn:role>
        </urn:InsureJHeader>
    </soapenv:Header>
    <soapenv:Body>
        <v1:manageCompanyRequest>
            <v11:company>
                <v11:companyName>First InterestedParty${#TestSuite#contact-counter}</v11:companyName>
                <v11:tradingAsName>First InterestedParty${#TestSuite#contact-counter}</v11:tradingAsName>
                <v11:addresses>
                    <v11:address>
                        <v12:addressLine1>5 Pitstruan Place</v12:addressLine1>
                        <v12:addressLine2>Aberdeenshire</v12:addressLine2>
                        <v12:town>Aberdeen</v12:town>
                        <v12:postcode>AB10 6PQ</v12:postcode>
                        <v12:country>Scotland</v12:country>
                        <v12:format>7</v12:format>
                        <v11:addressType>1</v11:addressType>
                        <v11:isMailingAddress>true</v11:isMailingAddress>
                    </v11:address>
                </v11:addresses>
            </v11:company>
        </v1:manageCompanyRequest>
    </soapenv:Body>
</soapenv:Envelope>