<soapenv:Envelope xmlns:soapenv="http://schemas.xmlsoap.org/soap/envelope/" xmlns:urn="urn:InsureJ"
                  xmlns:urn1="urn:ListComponentSave" xmlns:xsi="http://www.w3.org/2001/XMLSchema-instance">
    <soapenv:Header>
        <urn:InsureJHeader>
            <urn:correlationId/>
            <urn:role>${#Project#select-contact-id}</urn:role>
        </urn:InsureJHeader>
    </soapenv:Header>
    <soapenv:Body>

        <urn1:component xmlns:urn2="urn:ListComponentSaveSME_INSSMEv1" xsi:type="urn2:ComponentLoss_History">

            <urn1:policyIdentity>${#TestSuite#policy-id}</urn1:policyIdentity>
            <urn1:policyPositionId>${#TestSuite#position-id}</urn1:policyPositionId>
            <urn1:quoteId>${#TestSuite#position-id}</urn1:quoteId>
            <urn1:quoteVariationId>${#TestSuite#variation-id}</urn1:quoteVariationId>

            <urn1:parentIdentity>${#TestSuite#Additional_details-comp-id}</urn1:parentIdentity>
            <urn1:componentTypeName>Previous Claims</urn1:componentTypeName>
            <urn1:coverageClassCode>Loss_History</urn1:coverageClassCode>


            <!--  <urn1:listElement xsi:type="urn2:ComponentLoss_HistoryItem">
                  <urn2:lossAmount>
                      <urn1:amount>strAmount</urn1:amount>
                      <urn1:currency>GBP</urn1:currency>
                  </urn2:lossAmount>
                  <urn2:lossCause>strLossCause</urn2:lossCause>
                  <urn2:lossDate>strLossDate</urn2:lossDate>
                  <urn2:statusOfClaim>strStatus</urn2:statusOfClaim>
                  <urn1:contactAddress xsi:nil="true"/></urn1:listElement>-->


        </urn1:component>
    </soapenv:Body>
</soapenv:Envelope>