<soapenv:Envelope xmlns:soapenv="http://schemas.xmlsoap.org/soap/envelope/" xmlns:urn="urn:InsureJ"
                  xmlns:urn1="urn:ComponentSave" xmlns:xsi="http://www.w3.org/2001/XMLSchema-instance">
    <soapenv:Header>
        <urn:InsureJHeader>
            <urn:role>${#Project#select-contact-id}</urn:role>
        </urn:InsureJHeader>
    </soapenv:Header>
    <soapenv:Body>

        <urn1:component xmlns:urn2="urn:ComponentSaveSME_INSSMEv1" xsi:type="urn2:ComponentPrm_SpcItm">
            <urn1:policyIdentity>${#TestSuite#policy-id}</urn1:policyIdentity>
            <urn1:policyPositionId>${#TestSuite#position-id}</urn1:policyPositionId>
            <urn1:quoteId>${#TestSuite#position-id}</urn1:quoteId>
            <urn1:quoteVariationId>${#TestSuite#variation-id}</urn1:quoteVariationId>

            <urn1:parentIdentity>${#TestSuite#Premise_NamedItems-comp-id}</urn1:parentIdentity>
            <urn1:componentTypeName>Specified Items</urn1:componentTypeName>
            <urn1:coverageClassCode>Prm_SpcItm</urn1:coverageClassCode>

            <urn2:itemType>strItemType</urn2:itemType>
            <urn2:description>Adoration of the Lamb</urn2:description>
            <urn2:sumInsured>
                <urn1:amount>strAmount</urn1:amount>
            </urn2:sumInsured>
            <urn2:excess>strExcess</urn2:excess>
            <urn2:freeFormatType>free format</urn2:freeFormatType>

        </urn1:component>
    </soapenv:Body>
</soapenv:Envelope>