<soapenv:Envelope xmlns:soapenv="http://schemas.xmlsoap.org/soap/envelope/"
                  xmlns:urn="urn:InsureJ" xmlns:urn1="urn:ComponentSave"
                  xmlns:xsi="http://www.w3.org/2001/XMLSchema-instance">
    <soapenv:Header>
        <urn:InsureJHeader>
            <urn:role>${#Project#select-contact-id}</urn:role>
        </urn:InsureJHeader>
    </soapenv:Header>
    <soapenv:Body>
        <urn1:component xsi:type="urn2:ComponentPrI_Std" xmlns:urn2="urn:ComponentSaveSME_INSSMEv1">
            <urn1:policyIdentity>${#TestSuite#policy-id}</urn1:policyIdentity>
            <urn1:policyPositionId>${#TestSuite#position-id}</urn1:policyPositionId>
            <urn1:quoteId>${#TestSuite#position-id}</urn1:quoteId>
            <urn1:quoteVariationId>${#TestSuite#variation-id}</urn1:quoteVariationId>

            <urn1:parentIdentity>${#TestSuite#Prof_Indemnity-comp-id}</urn1:parentIdentity>
            <urn1:componentTypeName>Professional Indemnity Standard</urn1:componentTypeName>
            <urn1:coverageClassCode>PrI_Std</urn1:coverageClassCode>

            <urn2:profLibsCoverLimit>strPILimit</urn2:profLibsCoverLimit>
            <urn2:registeredInUK>StrRegUK</urn2:registeredInUK>
            <urn2:retroactiveDateOnPrePolicy>strRetroactiveDate</urn2:retroactiveDateOnPrePolicy>
            <urn2:lessThan20PercentOfFeesRelatedToTaxWork>str20PercentTaxWork</urn2:lessThan20PercentOfFeesRelatedToTaxWork>
            <urn2:workRelatingToShareRegistrationExecutorshipWorkEtc>strShareReg</urn2:workRelatingToShareRegistrationExecutorshipWorkEtc>
            <urn2:lloydsEntertainmentQuotedCompanies>strLloyd</urn2:lloydsEntertainmentQuotedCompanies>
            <urn2:authorisedToDoProbateOrEstateAdminWork>strAuthorise</urn2:authorisedToDoProbateOrEstateAdminWork>
            <urn2:taxPlanningSchemes>strTaxPlanning</urn2:taxPlanningSchemes>
            <urn2:aCAOrICAEWQualified>strACAOrICAEWQualified</urn2:aCAOrICAEWQualified>
            <urn2:authToSettleClaimsWithoutReferral>strAuthToSettleClaimsWithoutReferral</urn2:authToSettleClaimsWithoutReferral>


            <urn2:lossFromProductFailure>strlossFromProductFailure</urn2:lossFromProductFailure>
            <urn2:provideServicesForManufacturing>strProvideService</urn2:provideServicesForManufacturing>
            <urn2:writtenWorkSpecs>strWrittenWorkSpecs</urn2:writtenWorkSpecs>
            <urn2:clientSignOff>strClientSignOff</urn2:clientSignOff>
            <urn2:guaranteedArrivalDate>strGuaranteedArrivalDate</urn2:guaranteedArrivalDate>
            <urn2:legalMortgageOrTaxAdviceEtc>strLegalMortgage</urn2:legalMortgageOrTaxAdviceEtc>
            <urn2:incomeFromCommEstate>strIncomeEstate</urn2:incomeFromCommEstate>
            <urn2:surveyOrValuationWork>strSurveyOrValuationWork</urn2:surveyOrValuationWork>
            <urn2:aRBOrRIBAmember>straRBOrRIBAmember</urn2:aRBOrRIBAmember>
            <urn2:physicalConstructionFabWork>strPhysicalConstruction</urn2:physicalConstructionFabWork>
            <urn2:workInNuclearChemicalMiningEtc>strWorkInNuclear</urn2:workInNuclearChemicalMiningEtc>
            <urn2:contractsValueAbove2Million>strContractsValueAbove2Million</urn2:contractsValueAbove2Million>
            <urn2:workInConnectionWithTheNuclearIndustry>strWorkConnection</urn2:workInConnectionWithTheNuclearIndustry>


            <urn2:contractsInWriting>strContractsInWriting</urn2:contractsInWriting>
            <urn2:testProducts>strTestProducts</urn2:testProducts>
            <urn2:translationOfLegalDocuments>strTranslationOfLegalDocuments</urn2:translationOfLegalDocuments>
            <urn2:invasiveProcedures>strInvasiveProcedures</urn2:invasiveProcedures>
            <urn2:contractsWith3rdParties>strContractsWith3rdParties</urn2:contractsWith3rdParties>
            <urn2:clientWrittenAcceptance>strClientWrittenAcceptance</urn2:clientWrittenAcceptance>
            <urn2:financialSettlementWithoutReferral>strFinancialSettlementWithoutReferral</urn2:financialSettlementWithoutReferral>
            <urn2:responsibleForPlacingOrArrangingInsurance>strResponsibleForPlacing</urn2:responsibleForPlacingOrArrangingInsurance>
            <urn2:tradeGroup>strTradeGroup</urn2:tradeGroup>
            <urn2:tradeGroupSecondary>strTGSecondary</urn2:tradeGroupSecondary>
            <urn2:excess>strExcess</urn2:excess>

            <urn2:relevantQualificationsExP>strQualification</urn2:relevantQualificationsExP>
            <urn2:replacementOfProfLibsPolicy>strReplace</urn2:replacementOfProfLibsPolicy>
            <urn2:retroactiveDate>strdate</urn2:retroactiveDate>

            <urn2:profLiabilityIntendingToClaim>strIndendToClaim</urn2:profLiabilityIntendingToClaim>
            <urn2:profLiabilityIssues>strIssues</urn2:profLiabilityIssues>
            <urn2:largestFeeReceivedFromSingleClient>strLargestFee</urn2:largestFeeReceivedFromSingleClient>


        </urn1:component>
    </soapenv:Body>
</soapenv:Envelope>