    <soapenv:Envelope xmlns:soapenv="http://schemas.xmlsoap.org/soap/envelope/"
    xmlns:urn="urn:InsureJ" xmlns:urn1="urn:ListComponentSave"
    xmlns:xsi="http://www.w3.org/2001/XMLSchema-instance">
    <soapenv:Header>
    <urn:InsureJHeader>
    <urn:role>${#Project#select-contact-id}</urn:role>
    </urn:InsureJHeader>
    </soapenv:Header>
    <soapenv:Body>

    <urn1:component xsi:type="urn2:ComponentSubsidiaries" xmlns:urn2="urn:ListComponentSaveSME_INSSMEv1">

    <urn1:policyIdentity>${#TestSuite#policy-id}</urn1:policyIdentity>
    <urn1:policyPositionId>${#TestSuite#position-id}</urn1:policyPositionId>
    <urn1:quoteId>${#TestSuite#position-id}</urn1:quoteId>
    <urn1:quoteVariationId>${#TestSuite#variation-id}</urn1:quoteVariationId>

    <urn1:parentIdentity>${#TestSuite#Additional_details-comp-id}</urn1:parentIdentity>
    <urn1:componentTypeName>Subsidiaries</urn1:componentTypeName>
    <urn1:coverageClassCode>Subsidiaries</urn1:coverageClassCode>


    <urn1:listElement xsi:type="urn2:ComponentSubsidiariesItem">
    <urn2:name>First Subsidiary</urn2:name>
    <urn2:registeredOfficeAddress>
    <urn1:singleLineAddress>NR1 1S,29 Chalk Hill Road, NORWICH</urn1:singleLineAddress>
    <urn1:line1>29 Chalk Hill Road</urn1:line1>
    <urn1:line2>NORWICH</urn1:line2>
    <urn1:city>NORWICH</urn1:city>
    <urn1:postCode>AB10 7AA</urn1:postCode>
    <urn1:state>Some County</urn1:state>
    <urn1:country>United Kingdom</urn1:country>
    <urn1:format>7</urn1:format>
    </urn2:registeredOfficeAddress>

    <urn2:ernExempt>false</urn2:ernExempt>
    <urn2:ern>789/1</urn2:ern>
    <urn2:includeInInsurance>N</urn2:includeInInsurance>

    </urn1:listElement>

    <urn1:listElement xsi:type="urn2:ComponentSubsidiariesItem">
    <urn2:name>Second Subsidiary</urn2:name>
    <urn2:registeredOfficeAddress>
    <urn1:singleLineAddress>NR1 1S,29 Chalk Hill Road, NORWICH</urn1:singleLineAddress>
    <urn1:line1>29 Chalk Hill Road</urn1:line1>
    <urn1:line2>NORWICH</urn1:line2>
    <urn1:city>NORWICH</urn1:city>
    <urn1:postCode>AB10 7AA</urn1:postCode>
    <urn1:state>Some County</urn1:state>
    <urn1:country>United Kingdom</urn1:country>
    <urn1:format>7</urn1:format>
    </urn2:registeredOfficeAddress>

    <urn2:ernExempt>false</urn2:ernExempt>
    <urn2:ern>456/1</urn2:ern>
    <urn2:includeInInsurance>Y</urn2:includeInInsurance>

    </urn1:listElement>

    </urn1:component>
    </soapenv:Body>
    </soapenv:Envelope>