<soapenv:Envelope xmlns:soapenv="http://schemas.xmlsoap.org/soap/envelope/" xmlns:urn="urn:InsureJ"
                  xmlns:urn1="urn:ComponentSave" xmlns:xsi="http://www.w3.org/2001/XMLSchema-instance">
    <soapenv:Header>
        <urn:InsureJHeader>
            <urn:correlationId/>
            <urn:role>${#Project#select-contact-id}</urn:role>
        </urn:InsureJHeader>
    </soapenv:Header>
    <soapenv:Body>
        <urn1:component xmlns:urn2="urn:ComponentSaveSME_INSSMEv1" xsi:type="urn2:ComponentPAP_Stock">
            <urn1:policyIdentity>${#TestSuite#policy-id}</urn1:policyIdentity>
            <urn1:policyPositionId>${#TestSuite#position-id}</urn1:policyPositionId>
            <urn1:quoteId>${#TestSuite#position-id}</urn1:quoteId>
            <urn1:quoteVariationId>${#TestSuite#variation-id}</urn1:quoteVariationId>

            <urn1:parentIdentity>${#TestSuite#Stock_PAP-comp-id}</urn1:parentIdentity>

            <urn1:componentTypeName>Stock</urn1:componentTypeName>
            <urn1:coverageClassCode>PAP_Stock</urn1:coverageClassCode>

            <urn2:stockType>strStockType</urn2:stockType>

            <urn2:sumInsured>
                <urn1:amount>strStockAmount</urn1:amount>
            </urn2:sumInsured>
            <urn2:excess>200</urn2:excess>
            <urn2:methodOfTransit>strMethod</urn2:methodOfTransit>

        </urn1:component>
    </soapenv:Body>
</soapenv:Envelope>