<soapenv:Envelope xmlns:soapenv="http://schemas.xmlsoap.org/soap/envelope/"
                  xmlns:urn="urn:InsureJ" xmlns:urn1="urn:ListComponentUpdate"
                  xmlns:xsi="http://www.w3.org/2001/XMLSchema-instance">

    <soapenv:Header>
        <urn:InsureJHeader>
            <urn:role>${#Project#select-contact-id}</urn:role>
        </urn:InsureJHeader>
    </soapenv:Header>
    <soapenv:Body>
        <urn1:component xmlns:urn2="urn:ListComponentUpdateSME_INSSMEv1" xsi:type="urn2:ComponentUpdateThe_Business">

            <urn1:policyIdentity>${#TestSuite#policy-id}</urn1:policyIdentity>
            <urn1:policyPositionId>${#TestSuite#position-id}</urn1:policyPositionId>
            <urn1:quoteId>${#TestSuite#position-id}</urn1:quoteId>
            <urn1:quoteVariationId>${#TestSuite#variation-id}</urn1:quoteVariationId>

            <urn1:objectIdentity>${#TestSuite#The_Business-comp-id}</urn1:objectIdentity>
            <urn1:componentTypeName>The Business</urn1:componentTypeName>
            <urn1:coverageClassCode>The_Business</urn1:coverageClassCode>


            <urn2:ernExempt>strErnExempt</urn2:ernExempt>
            <urn2:ern>ernValue</urn2:ern>

        </urn1:component>
    </soapenv:Body>
</soapenv:Envelope>