<soapenv:Envelope xmlns:soapenv="http://schemas.xmlsoap.org/soap/envelope/" xmlns:urn="urn:InsureJ"
                  xmlns:v1="http://www.ssp-uk.com/PolicyMessages/v1" xmlns:v11="http://www.ssp-uk.com/Policy/v1">
    <soapenv:Header>
        <urn:InsureJHeader>
            <urn:correlationId/>
            <urn:role>${#Project#select-contact-id}</urn:role>
        </urn:InsureJHeader>
    </soapenv:Header>
    <soapenv:Body>
        <v1:managePolicyRequest>
            <v1:policyKey>
                <v11:policyIdentity>${#TestSuite#policy-id}</v11:policyIdentity>
                <v11:policyPositionId>${#TestSuite#position-id}</v11:policyPositionId>
                <v11:quoteId>${#TestSuite#position-id}</v11:quoteId>
                <v11:quoteVariationId>${#TestSuite#variation-id}</v11:quoteVariationId>
            </v1:policyKey>
            <v1:productKey>
                <v11:productCode>${#TestSuite#product-class}</v11:productCode>
                <v11:schemeCode>${#TestSuite#scheme-code}</v11:schemeCode>
                <v11:productTreeIdentity>${#TestSuite#product-tree-id}</v11:productTreeIdentity>
            </v1:productKey>
        </v1:managePolicyRequest>
    </soapenv:Body>
</soapenv:Envelope>