<soapenv:Envelope xmlns:soapenv="http://schemas.xmlsoap.org/soap/envelope/" xmlns:urn="urn:InsureJ"
                  xmlns:v1="http://www.ssp-uk.com/ReceiptMessages/v1" xmlns:v11="http://www.ssp-uk.com/Policy/v1"
                  xmlns:v12="http://www.ssp-uk.com/Receipt/v1">
    <soapenv:Header>
        <urn:InsureJHeader>
            <urn:role>${#Project#select-contact-id}</urn:role>
        </urn:InsureJHeader>
    </soapenv:Header>
    <soapenv:Body>
        <v1:createReceiptTransactionRequest>

            <v11:policyKey>
                <v11:policyIdentity>${#TestSuite#policy-id}</v11:policyIdentity>
                <v11:policyPositionId>${#TestSuite#position-id}</v11:policyPositionId>
            </v11:policyKey>

            <v11:productKey>
                <v11:productCode>${#TestSuite#product-class}</v11:productCode>
                <v11:schemeCode>${#TestSuite#scheme-code}</v11:schemeCode>
            </v11:productKey>

            <v12:grossAmount>${#TestSuite#payment-amount}</v12:grossAmount>

            <!--v12:externalReference>?</v12:externalReference-->

            <v12:receiptMethod>
                <v12:card>
                    <v12:objectIdentity>${#TestSuite#card-account-id}</v12:objectIdentity>
                </v12:card>
            </v12:receiptMethod>

            <v12:paymentHubResponse>

                <v12:integrationToken>352eb513-ca02-496d-87db-a8eb8a0a9c90</v12:integrationToken>

                <v12:messageDate>2016-08-31T08:58:28.4160609+01:00</v12:messageDate>

                <v12:errorCode>0</v12:errorCode>

                <v12:errorDesc>Success</v12:errorDesc>

                <v12:merchantRef>133_678680</v12:merchantRef>

                <v12:transactionResult>Success</v12:transactionResult>

                <v12:resultCode>OK</v12:resultCode>

                <v12:resultDesc>Authorised</v12:resultDesc>

                <v12:authCode>11891438</v12:authCode>

                <v12:transactionAmt>${#TestSuite#payment-amount}</v12:transactionAmt>

                <v12:schemeName>strVisa</v12:schemeName>

                <v12:pan>strCardNumber</v12:pan>

                <v12:cardExpiry>strCardExpiry</v12:cardExpiry>

                <v12:tokenID>TOKENID</v12:tokenID>
                <v12:tokenExpiry>1980-08-28</v12:tokenExpiry>

                <v12:ad1avsResult>3</v12:ad1avsResult>
                <v12:ad1avsResDesc>NotMatched</v12:ad1avsResDesc>

                <v12:pcavsResult>3</v12:pcavsResult>
                <v12:pcavsResultDesc>NotMatched</v12:pcavsResultDesc>

                <v12:cvcResult>3</v12:cvcResult>
                <v12:cvcResultDesc>NotMatched</v12:cvcResultDesc>

                <!--v12:merchantId>MER-ID-013</v12:merchantId-->
            </v12:paymentHubResponse>

        </v1:createReceiptTransactionRequest>
    </soapenv:Body>
</soapenv:Envelope>