<soapenv:Envelope xmlns:soapenv="http://schemas.xmlsoap.org/soap/envelope/" xmlns:urn="urn:InsureJ"
                  xmlns:v1="http://www.ssp-uk.com/PersonMessages/v1" xmlns:v11="http://www.ssp-uk.com/Person/v1"
                  xmlns:v12="http://www.ssp-uk.com/common/v1">
    <soapenv:Header>
        <urn:InsureJHeader>
            <urn:correlationId/>
            <urn:role>${#Project#select-contact-id}</urn:role>
        </urn:InsureJHeader>
    </soapenv:Header>
    <soapenv:Body>
        <v1:managePersonRequest>
            <v11:person>
                <v11:forename>Test</v11:forename>
                <v11:surname>Person${#TestSuite#contact-counter}</v11:surname>
                <v11:format/>
                <v11:correspondencePreference>2</v11:correspondencePreference>
                <v11:addresses>
                    <v11:address>
                        <v12:addressLine1>29 Chalk Hill Road</v12:addressLine1>
                        <v12:addressLine2>NORWICH</v12:addressLine2>
                        <v12:town>NORWICH</v12:town>
                        <v12:postcode>W9 2BT</v12:postcode>
                        <v12:country>United Kingdom</v12:country>
                        <v12:format>4</v12:format>
                        <v11:addressType>1</v11:addressType>
                        <v11:isMailingAddress>true</v11:isMailingAddress>
                    </v11:address>
                </v11:addresses>

                <v11:relationships>
                    <v11:contactRelationship>
                        <v11:partnerIdentity>${#TestSuite#company-id}</v11:partnerIdentity>
                        <v11:relationshipName>7</v11:relationshipName>
                    </v11:contactRelationship>
                </v11:relationships>
            </v11:person>
        </v1:managePersonRequest>
    </soapenv:Body>
</soapenv:Envelope>