<soapenv:Envelope xmlns:soapenv="http://schemas.xmlsoap.org/soap/envelope/"
                  xmlns:urn="urn:InsureJ" xmlns:urn1="urn:ListComponentUpdate"
                  xmlns:xsi="http://www.w3.org/2001/XMLSchema-instance">

    <soapenv:Header>
        <urn:InsureJHeader>
            <urn:role>${#Project#select-contact-id}</urn:role>
        </urn:InsureJHeader>
    </soapenv:Header>
    <soapenv:Body>
        <urn1:component xmlns:urn2="urn:ListComponentUpdateSME_INSSMEv1" xsi:type="urn2:ComponentUpdateThe_Business">

            <urn1:policyIdentity>${#TestSuite#policy-id}</urn1:policyIdentity>
            <urn1:policyPositionId>${#TestSuite#position-id}</urn1:policyPositionId>
            <urn1:quoteId>${#TestSuite#position-id}</urn1:quoteId>
            <urn1:quoteVariationId>${#TestSuite#variation-id}</urn1:quoteVariationId>

            <urn1:objectIdentity>${#TestSuite#The_Business-comp-id}</urn1:objectIdentity>
            <urn1:componentTypeName>The Business</urn1:componentTypeName>
            <urn1:coverageClassCode>The_Business</urn1:coverageClassCode>

            <!--Value to agreeToStatements should be used to decide for the rest of the statements
            if agreeToStatements=Y then
            importantOrRefurbishment=Y
            and
            rest all are N
            and vice versa
            -->
            <urn2:agreeToStatements>strAgreeStmt</urn2:agreeToStatements>
            <urn2:importantOrRefurbishment>strImpRefurbishment</urn2:importantOrRefurbishment>
            <urn2:isRefusedCancelledInsurance>strIsRefusedCancel</urn2:isRefusedCancelledInsurance>
            <urn2:isConviction>strIsConviction</urn2:isConviction>
            <urn2:isCcj>strIsCcj</urn2:isCcj>
            <urn2:isIva>strIsIva</urn2:isIva>
            <urn2:isBankrupcy>strIsBankrupcy</urn2:isBankrupcy>

            <urn2:isManufactureBeautyProducts>strIsManufacBeautyPrd</urn2:isManufactureBeautyProducts>
            <!-- Below statements are B&B specific statements and they must be NA
            for all the trades except B&B,
            These must be filled with Y or N for B&B based on agreeToStatements.
            -->
            <urn2:isBusinessStatutoryRegulations>strIsBusiStatRegulations</urn2:isBusinessStatutoryRegulations>
            <urn2:isContracts>strIsContracts</urn2:isContracts>
            <urn2:isOccupiedAsHolidayHomeHostelDorm>strIsOccupHolidayHome</urn2:isOccupiedAsHolidayHomeHostelDorm>
            <urn2:isOvernightOccupation>strIsOvernightOccup</urn2:isOvernightOccupation>

        </urn1:component>
    </soapenv:Body>
</soapenv:Envelope>