<soapenv:Envelope xmlns:soapenv="http://schemas.xmlsoap.org/soap/envelope/"
                  xmlns:urn="urn:InsureJ" xmlns:urn1="urn:ListComponentSave"
                  xmlns:xsi="http://www.w3.org/2001/XMLSchema-instance">
    <soapenv:Header>
        <urn:InsureJHeader>
            <urn:role>${#Project#select-contact-id}</urn:role>
        </urn:InsureJHeader>
    </soapenv:Header>
    <soapenv:Body>

        <urn1:component xmlns:urn2="urn:ListComponentSaveSME_INSSMEv1" xsi:type="urn2:Component087">

            <urn1:policyIdentity>${#TestSuite#policy-id}</urn1:policyIdentity>
            <urn1:policyPositionId>${#TestSuite#position-id}</urn1:policyPositionId>
            <urn1:quoteId>${#TestSuite#position-id}</urn1:quoteId>
            <urn1:quoteVariationId>${#TestSuite#variation-id}</urn1:quoteVariationId>

            <urn1:parentIdentity>${#TestSuite#The_Business-comp-id}</urn1:parentIdentity>
            <urn1:componentTypeName>InterestedPartyList</urn1:componentTypeName>
            <urn1:coverageClassCode>087</urn1:coverageClassCode>

            <!--Other Interested Parties-->
            <urn1:listElement xsi:type="urn2:Component087Item">
                <urn2:interestedParty>
                    <urn1:objectIdentity>${#TestSuite#interested-party-1-contact-id}</urn1:objectIdentity>
                    <urn1:roleType>interestedParty</urn1:roleType>
                    <urn1:contactTypeName>Company</urn1:contactTypeName>
                </urn2:interestedParty>
                <urn2:typeOfInterest>7</urn2:typeOfInterest>
                <urn2:comments>IP-1-REFERENCE</urn2:comments>
            </urn1:listElement>

            <urn1:listElement xsi:type="urn2:Component087Item">
                <urn2:interestedParty>
                    <urn1:objectIdentity>${#TestSuite#interested-party-2-contact-id}</urn1:objectIdentity>
                    <urn1:roleType>interestedParty</urn1:roleType>
                    <urn1:contactTypeName>Company</urn1:contactTypeName>
                </urn2:interestedParty>

                <urn2:typeOfInterest>6</urn2:typeOfInterest>
                <urn2:comments>IP-2-REFERENCE</urn2:comments>
            </urn1:listElement>


            <!--Partner-->
            <urn1:listElement xsi:type="urn2:Component087Item">
                <urn2:interestedParty>
                    <urn1:objectIdentity>${#TestSuite#partner-1-contact-id}</urn1:objectIdentity>
                    <urn1:roleType>interestedParty</urn1:roleType>
                    <urn1:contactTypeName>Person</urn1:contactTypeName>
                </urn2:interestedParty>

                <urn2:typeOfInterest>4</urn2:typeOfInterest>

            </urn1:listElement>

            <!--Contact-->
            <urn1:listElement xsi:type="urn2:Component087Item">
                <urn2:interestedParty>
                    <urn1:objectIdentity>${#TestSuite#contact-1-contact-id}</urn1:objectIdentity>
                    <urn1:roleType>interestedParty</urn1:roleType>
                    <urn1:contactTypeName>Person</urn1:contactTypeName>
                </urn2:interestedParty>

                <urn2:typeOfInterest>3</urn2:typeOfInterest>
                <urn2:comments>CNTCT-1-RELATIONSHIP</urn2:comments>
            </urn1:listElement>


        </urn1:component>
    </soapenv:Body>
</soapenv:Envelope>