<soapenv:Envelope xmlns:soapenv="http://schemas.xmlsoap.org/soap/envelope/"
                  xmlns:urn="urn:InsureJ" xmlns:v1="http://www.ssp-uk.com/PolicyMessages/v1"
                  xmlns:v11="http://www.ssp-uk.com/Policy/v1" xmlns:v13="http://www.ssp-uk.com/Company/v1">
    <soapenv:Header>
        <urn:InsureJHeader>
            <urn:role>${#Project#select-contact-id}</urn:role>
        </urn:InsureJHeader>
    </soapenv:Header>
    <soapenv:Body>
        <v1:managePolicyRequest>
            <v1:productKey>
                <v11:productCode>${#TestSuite#product-class}</v11:productCode>
                <v11:schemeCode>${#TestSuite#scheme-code}</v11:schemeCode>
                <v11:productTreeIdentity>${#TestSuite#product-tree-id}</v11:productTreeIdentity>
            </v1:productKey>
            <v1:policyDetails>
                <v11:policyHolders>
                    <v11:policyHolder>
                        <v13:companyKey>
                            <v13:companyIdentity>${#TestSuite#company-id}</v13:companyIdentity>
                        </v13:companyKey>
                        <v11:sequence>1</v11:sequence>
                    </v11:policyHolder>
                </v11:policyHolders>
                <v11:intermediaryKey>
                    <v11:intermediaryIdentity>${#TestSuite#intermediary-id}</v11:intermediaryIdentity>
                </v11:intermediaryKey>
                <v11:inceptionDate>${#TestSuite#inception-date}</v11:inceptionDate>
                <v11:insureds>
                    <v11:insured>
                        <v13:companyKey>
                            <v13:companyIdentity>${#TestSuite#company-id}</v13:companyIdentity>
                        </v13:companyKey>
                        <v11:sequence>1</v11:sequence>
                    </v11:insured>
                </v11:insureds>
                <v11:originatingChannel>Self-Service</v11:originatingChannel>
                <v11:completionChannel>strCompletionChannel</v11:completionChannel>
            </v1:policyDetails>
            <v1:policyBasis>${#TestSuite#policy-basis}</v1:policyBasis>
        </v1:managePolicyRequest>
    </soapenv:Body>
</soapenv:Envelope>