<soapenv:Envelope xmlns:soapenv="http://schemas.xmlsoap.org/soap/envelope/" xmlns:urn="urn:InsureJ"
                  xmlns:v2="http://www.ssp-uk.com/ResourceMessages/v2">
    <soapenv:Header>
        <urn:InsureJHeader>
            <urn:correlationId/>
            <urn:role>${#Project#select-contact-id}</urn:role>
        </urn:InsureJHeader>
    </soapenv:Header>
    <soapenv:Body>
        <v2:resourceListLookupRequest>
            <v2:resourceDate>${#TestSuite#inception-date}</v2:resourceDate>
            <v2:locale>en</v2:locale>

            <v2:productTreeIdentity>${#TestSuite#product-tree-id}</v2:productTreeIdentity>
            <v2:productVersion>${#TestSuite#product-version-identity}</v2:productVersion>
            <v2:schemeCode>${#TestSuite#scheme-code}</v2:schemeCode>


        </v2:resourceListLookupRequest>
    </soapenv:Body>
</soapenv:Envelope>