<soapenv:Envelope xmlns:soapenv="http://schemas.xmlsoap.org/soap/envelope/" xmlns:urn="urn:InsureJ" xmlns:v1="http://www.ssp-uk.com/CompanyMessages/v1" xmlns:v11="http://www.ssp-uk.com/Company/v1">
    <soapenv:Header>
        <urn:InsureJHeader>
            <urn:role>${#Project#select-contact-id}</urn:role>
        </urn:InsureJHeader>
    </soapenv:Header>
    <soapenv:Body>
        <v1:retrieveCompanyRequest>
            <v11:companyKey>
                <v11:companyIdentity>${#TestSuite#company-id}</v11:companyIdentity>
            </v11:companyKey>
        </v1:retrieveCompanyRequest>
    </soapenv:Body>
</soapenv:Envelope>