<soapenv:Envelope xmlns:soapenv="http://schemas.xmlsoap.org/soap/envelope/" xmlns:urn="urn:InsureJ"
                  xmlns:v1="http://www.ssp-uk.com/PersonMessages/v1" xmlns:v11="http://www.ssp-uk.com/Person/v1">
    <soapenv:Header>
        <urn:InsureJHeader>
            <urn:correlationId/>
            <urn:role>${#Project#select-contact-id}</urn:role>
        </urn:InsureJHeader>
    </soapenv:Header>
    <soapenv:Body>
        <v1:retrievePersonRequest>
            <v11:personKey>
                <v11:personIdentity>${#TestSuite#person-id}</v11:personIdentity>
            </v11:personKey>

        </v1:retrievePersonRequest>
    </soapenv:Body>
</soapenv:Envelope>