<soapenv:Envelope xmlns:soapenv="http://schemas.xmlsoap.org/soap/envelope/"
                  xmlns:urn="urn:InsureJ"
                  xmlns:v1="http://www.ssp-uk.com/PolicyMessages/v1"
                  xmlns:v11="http://www.ssp-uk.com/Policy/v1">
    <soapenv:Header>
        <urn:InsureJHeader>
            <urn:role>${#Project#select-contact-id}</urn:role>
        </urn:InsureJHeader>
    </soapenv:Header>
    <soapenv:Body>
        <v1:managePolicyRequest>
            <v1:policyKey>
                <v11:policyIdentity>${#TestSuite#policy-id}</v11:policyIdentity>
                <v11:policyPositionId>${#TestSuite#position-id}</v11:policyPositionId>
                <v11:quoteId>${#TestSuite#position-id}</v11:quoteId>
                <v11:quoteVariationId>${#TestSuite#variation-id}</v11:quoteVariationId>
            </v1:policyKey>
            <v1:productKey>
                <v11:productCode>SME_INS</v11:productCode>
                <v11:schemeCode>SME</v11:schemeCode>
            </v1:productKey>

            <v1:policyDetails>
                <v11:inceptionDate>${#TestSuite#inception-date}</v11:inceptionDate>
            </v1:policyDetails>

            <v1:quoteStatus>Inquiry Registered</v1:quoteStatus>

        </v1:managePolicyRequest>
    </soapenv:Body>
</soapenv:Envelope>