<soapenv:Envelope xmlns:soapenv="http://schemas.xmlsoap.org/soap/envelope/" xmlns:urn="urn:InsureJ"
                  xmlns:v1="http://www.ssp-uk.com/PolicyMessages/v1"
                  xmlns:v11="http://www.ssp-uk.com/Company/v1">
    <soapenv:Header>
        <urn:InsureJHeader>
            <urn:role>${#Project#select-contact-id}</urn:role>
        </urn:InsureJHeader>
    </soapenv:Header>
    <soapenv:Body>
        <v1:searchPolicyRequest>
            <v11:companyIdentity>strCompid</v11:companyIdentity>
            <v1:startIndex>0</v1:startIndex>
            <v1:noOfInstances>13</v1:noOfInstances>
        </v1:searchPolicyRequest>
    </soapenv:Body>
</soapenv:Envelope>