<soapenv:Envelope xmlns:soapenv="http://schemas.xmlsoap.org/soap/envelope/"
                  xmlns:urn="urn:InsureJ"
                  xmlns:v1="http://www.ssp-uk.com/CompanyMessages/v1"
                  xmlns:v11="http://www.ssp-uk.com/common/v1">
    <soapenv:Header>
        <urn:InsureJHeader>
            <urn:role>${#Project#select-contact-id}</urn:role>
        </urn:InsureJHeader>
    </soapenv:Header>
    <soapenv:Body>
        <v1:searchCompanyRequest>
            <!--<v1:externalCompanyId></v1:externalCompanyId>-->
            <!--<v1:companyURN>strURNName</v1:companyURN>-->
            <v1:companyName>strCompanyName</v1:companyName>
            <!--<v1:roleType>?</v1:roleType>-->
            <!--<v11:postcode>?</v11:postcode>-->
            <v1:startIndex>0</v1:startIndex>
            <v1:noOfInstances>10</v1:noOfInstances>
        </v1:searchCompanyRequest>
    </soapenv:Body>
</soapenv:Envelope>