<soapenv:Envelope xmlns:soapenv="http://schemas.xmlsoap.org/soap/envelope/" xmlns:urn="urn:InsureJ"
                  xmlns:urn1="urn:ComponentUpdate" xmlns:xsi="http://www.w3.org/2001/XMLSchema-instance">
    <soapenv:Header>
        <urn:InsureJHeader>
            <urn:role>${#Project#select-contact-id}</urn:role>
        </urn:InsureJHeader>
    </soapenv:Header>
    <soapenv:Body>

        <urn1:component xmlns:urn2="urn:ComponentUpdateSME_INSSMEv1" xsi:type="urn2:ComponentUpdatePremise_Stock">
            <urn1:policyIdentity>${#TestCase#policy-id}</urn1:policyIdentity>
            <urn1:policyPositionId>${#TestCase#position-id}</urn1:policyPositionId>
            <urn1:quoteId>${#TestCase#position-id}</urn1:quoteId>
            <urn1:quoteVariationId>${#TestCase#variation-id}</urn1:quoteVariationId>

            <urn1:objectIdentity>${#TestSuite#Premise_Stock-comp-id}</urn1:objectIdentity>
            <urn1:parentIdentity>${#TestSuite#Premise-comp-id}</urn1:parentIdentity>
            <urn1:componentTypeName>Section Level</urn1:componentTypeName>
            <urn1:coverageClassCode>Premise_Stock</urn1:coverageClassCode>


        </urn1:component>
    </soapenv:Body>
</soapenv:Envelope>