<soapenv:Envelope xmlns:soapenv="http://schemas.xmlsoap.org/soap/envelope/" xmlns:urn="urn:InsureJ" xmlns:urn1="urn:ComponentUpdate" xmlns:xsi="http://www.w3.org/2001/XMLSchema-instance">
    <soapenv:Header>
        <urn:InsureJHeader>
            <urn:role>${#Project#select-contact-id}</urn:role>
        </urn:InsureJHeader>
    </soapenv:Header>
    <soapenv:Body>

        <urn1:component xsi:type="urn2:ComponentUpdatePremise_Stock" xmlns:urn2="urn:ComponentUpdateSME_INSSMEv1">
            <urn1:policyIdentity>${#TestSuite#policy-id}</urn1:policyIdentity>
            <urn1:policyPositionId>${#TestSuite#position-id}</urn1:policyPositionId>
            <urn1:quoteId>${#TestSuite#position-id}</urn1:quoteId>
            <urn1:quoteVariationId>${#TestSuite#variation-id}</urn1:quoteVariationId>

            <urn1:objectIdentity>${#TestSuite#Prop_Stock-comp-id}</urn1:objectIdentity>
            <urn1:parentIdentity>${#TestSuite#Prop_Away-comp-id}</urn1:parentIdentity>
            <urn1:componentTypeName>Section Level</urn1:componentTypeName>
            <urn1:coverageClassCode>Stock_PAP</urn1:coverageClassCode>


        </urn1:component>
    </soapenv:Body>
</soapenv:Envelope>