<soapenv:Envelope xmlns:soapenv="http://schemas.xmlsoap.org/soap/envelope/"
                  xmlns:urn="urn:InsureJ" xmlns:urn1="urn:ListComponentUpdate"
                  xmlns:xsi="http://www.w3.org/2001/XMLSchema-instance">

    <soapenv:Header>
        <urn:InsureJHeader>
            <urn:role>${#Project#select-contact-id}</urn:role>
        </urn:InsureJHeader>
    </soapenv:Header>
    <soapenv:Body>
        <urn1:component xmlns:urn2="urn:ListComponentUpdateSME_INSSMEv1" xsi:type="urn2:ComponentUpdateThe_Business">

            <urn1:policyIdentity>${#TestSuite#policy-id}</urn1:policyIdentity>
            <urn1:policyPositionId>${#TestSuite#position-id}</urn1:policyPositionId>
            <urn1:quoteId>${#TestSuite#position-id}</urn1:quoteId>
            <urn1:quoteVariationId>${#TestSuite#variation-id}</urn1:quoteVariationId>

            <urn1:objectIdentity>${#TestSuite#The_Business-comp-id}</urn1:objectIdentity>
            <urn1:parentIdentity>${#TestSuite#DLG-comp-id}</urn1:parentIdentity>
            <urn1:componentTypeName>The Business</urn1:componentTypeName>
            <urn1:coverageClassCode>The_Business</urn1:coverageClassCode>

            <urn2:companyStatus>strCompanyStatus</urn2:companyStatus>
            <urn2:subsidiaries>strSubsidiaries</urn2:subsidiaries>
            <urn2:yearsTradingAtIncep>strYearsTrading</urn2:yearsTradingAtIncep>
            <urn2:workOutsideUK>strWorkOutsideUK</urn2:workOutsideUK>
            <urn2:frequencyOutsideUK>strFrequencyOutsideUK</urn2:frequencyOutsideUK>
            <urn2:transactedViaTheUX>strTransactUX</urn2:transactedViaTheUX>

            <urn2:runFromRentedChair>strRentChair</urn2:runFromRentedChair>
            <urn2:mobileBusiness>strMobile</urn2:mobileBusiness>
            <urn2:fromOwnSalon>strSalon</urn2:fromOwnSalon>
            <urn2:workFromHome>strWorkFromHome</urn2:workFromHome>

            <urn2:turnoverBand>strTurnoverBand</urn2:turnoverBand>
            <urn2:turnoverAmount>
                <urn1:amount>strTurnoverAmount</urn1:amount>
            </urn2:turnoverAmount>

            <urn2:noOfPPD>strNoOfPPD</urn2:noOfPPD>
            <urn2:haveEmployees>strHaveEmployees</urn2:haveEmployees>
            <urn2:noOfEmployees>strNoOfEmployees</urn2:noOfEmployees>
            <urn2:noOfEmployeesAdminOnly>strEmployeesAdminOnly</urn2:noOfEmployeesAdminOnly>
            <urn2:noOfPPDAdminOnly>strPPDAdminOnly</urn2:noOfPPDAdminOnly>

            <urn2:mainTrade>strTradeName</urn2:mainTrade>

            <urn2:agreeToStatements>strAgreeStatements</urn2:agreeToStatements>
            <urn2:importantOrRefurbishment>strImportantOrRefurbishment</urn2:importantOrRefurbishment>

            <urn2:isRefusedCancelledInsurance>strIsRefusedCancelledInsurance</urn2:isRefusedCancelledInsurance>
            <urn2:isConviction>strIsConviction</urn2:isConviction>
            <urn2:isCcj>strIsCcj</urn2:isCcj>
            <urn2:isIva>strIsIva</urn2:isIva>
            <urn2:isBankrupcy>strIsBankrupcy</urn2:isBankrupcy>
            <urn2:isManufactureBeautyProducts>strIsManufactureBeautyProducts</urn2:isManufactureBeautyProducts>

            <urn2:isBusinessStatutoryRegulations>strIsBusinessStatutoryRegulations</urn2:isBusinessStatutoryRegulations>
            <urn2:isContracts>strIsContracts</urn2:isContracts>
            <urn2:isOccupiedAsHolidayHomeHostelDorm>strIsOccupiedHoliday</urn2:isOccupiedAsHolidayHomeHostelDorm>
            <urn2:isOvernightOccupation>strIsOvernightOccupation</urn2:isOvernightOccupation>

        </urn1:component>
    </soapenv:Body>
</soapenv:Envelope>