<soapenv:Envelope xmlns:soapenv="http://schemas.xmlsoap.org/soap/envelope/"
                  xmlns:urn="urn:InsureJ"

                  xmlns:urn1="urn:ListComponentUpdate"
                  xmlns:xsi="http://www.w3.org/2001/XMLSchema-instance">
    <soapenv:Header>
        <urn:InsureJHeader>
            <urn:role>${#Project#select-contact-id}</urn:role>
        </urn:InsureJHeader>
    </soapenv:Header>
    <soapenv:Body>

        <urn1:component xmlns:urn2="urn:ListComponentUpdateSME_INSSMEv1" xsi:type="urn2:ComponentUpdaterisk_Add">

            <urn1:policyIdentity>${#TestSuite#policy-id}</urn1:policyIdentity>
            <urn1:policyPositionId>${#TestSuite#position-id}</urn1:policyPositionId>
            <urn1:quoteId>${#TestSuite#position-id}</urn1:quoteId>
            <urn1:quoteVariationId>${#TestSuite#variation-id}</urn1:quoteVariationId>
            <urn1:objectIdentity>${#TestSuite#risk_Add-comp-id}</urn1:objectIdentity>
            <urn1:parentIdentity>${#TestSuite#The_Business-comp-id}</urn1:parentIdentity>
            <urn1:componentTypeName>Risk Address</urn1:componentTypeName>
            <urn1:coverageClassCode>risk_Add</urn1:coverageClassCode>


            <urn2:riskAddress>
                <urn1:singleLineAddress>strSingleLineAddress</urn1:singleLineAddress>
                <urn1:formattedAddress>strFormattedAddress</urn1:formattedAddress>
                <urn1:postCode>strPostcode</urn1:postCode>
                <urn1:line1>strLine1</urn1:line1>
                <urn1:line2>strLine2</urn1:line2>
                <urn1:city>strCity</urn1:city>
                <urn1:state>strState</urn1:state>
                <urn1:country>strCountry</urn1:country>
                <urn1:format>strFormat</urn1:format>
            </urn2:riskAddress>

            <urn2:propertyType>strPremisesType</urn2:propertyType>

            <urn2:aTM>strAtm</urn2:aTM>

            <urn2:notStartedTrading>strNotStartedTrade</urn2:notStartedTrading>

            <urn2:premisesIsUnoccupied>strPremisesIsUnoccupied</urn2:premisesIsUnoccupied>

            <urn2:unoccupiedPeriod>strUnoccupiedPeriod</urn2:unoccupiedPeriod>

            <urn2:unoccupiedNoneOfTheAbove>strUnoccupiedNoneOfTheAbove</urn2:unoccupiedNoneOfTheAbove>

            <urn2:soleOccupancy>strSoleOccupancy</urn2:soleOccupancy>

            <urn2:flats>strFlats</urn2:flats>

            <urn2:offices>strOffices</urn2:offices>

            <urn2:otherTypeOfRetailUnit>strOtherTypeOfRetailUnit</urn2:otherTypeOfRetailUnit>

            <urn2:foodTakeawayPubRestCoffeeBar>strFoodTakeawayPubRestCoffeeBar</urn2:foodTakeawayPubRestCoffeeBar>

            <urn2:vacantCommercialUnits>strVacantCommercialUnits</urn2:vacantCommercialUnits>

            <urn2:otherTypeOfCommercialUnits>strOtherTypeOfCommercialUnits</urn2:otherTypeOfCommercialUnits>

            <urn2:soleControlOfAccessPoints>strSoleControlOfAccessPoints</urn2:soleControlOfAccessPoints>

            <urn2:isThisAlsoYourHome>strIsThisAlsoYourHome</urn2:isThisAlsoYourHome>

            <urn2:anyOtherServicesOrActivities>strOtherServiceActivities</urn2:anyOtherServicesOrActivities>

            <urn2:alcoholLicenseAtPremises>srtAlcohol</urn2:alcoholLicenseAtPremises>

            <urn1:listElement xsi:type="urn2:ComponentUpdaterisk_AddItem">
                <urn2:trade>strTradeName</urn2:trade>
                <urn2:isMainTrade>strIsMainTrade</urn2:isMainTrade>
                <urn2:atRiskAddress>strAtRiskAddress</urn2:atRiskAddress>
            </urn1:listElement>

        </urn1:component>
    </soapenv:Body>
</soapenv:Envelope>