<soapenv:Envelope xmlns:soapenv="http://schemas.xmlsoap.org/soap/envelope/"
                  xmlns:urn="urn:InsureJ" xmlns:urn1="urn:ComponentUpdate"
                  xmlns:xsi="http://www.w3.org/2001/XMLSchema-instance">
    <soapenv:Header>
        <urn:InsureJHeader>
            <urn:role>${#Project#select-contact-id}</urn:role>
        </urn:InsureJHeader>
    </soapenv:Header>
    <soapenv:Body>
        <urn1:component xsi:type="urn2:ComponentUpdateLbm_Std" xmlns:urn2="urn:ComponentUpdateSME_INSSMEv1">

            <urn1:policyIdentity>${#TestSuite#policy-id}</urn1:policyIdentity>
            <urn1:policyPositionId>${#TestSuite#position-id}</urn1:policyPositionId>
            <urn1:quoteId>${#TestSuite#position-id}</urn1:quoteId>
            <urn1:quoteVariationId>${#TestSuite#variation-id}</urn1:quoteVariationId>

            <urn1:objectIdentity>${#TestSuite#Lbm_Std-comp-id}</urn1:objectIdentity>

            <urn1:componentTypeName>Business Money</urn1:componentTypeName>
            <urn1:coverageClassCode>Lbm_Std</urn1:coverageClassCode>


            <urn2:inBankNightSafe>strinBankNightSafe</urn2:inBankNightSafe>
            <urn2:inTransit>strinTransit</urn2:inTransit>
            <urn2:inThePremisesWhilstAttended>strinThePremisesWhilstAttended</urn2:inThePremisesWhilstAttended>
            <urn2:inThePremisesWhilstUnattendedAndInSafe>strinThePremisesWhilstUnattendedAndInSafe
            </urn2:inThePremisesWhilstUnattendedAndInSafe>

        </urn1:component>
    </soapenv:Body>
</soapenv:Envelope>