<soapenv:Envelope xmlns:soapenv="http://schemas.xmlsoap.org/soap/envelope/"
                  xmlns:urn="urn:InsureJ" xmlns:v1="http://www.ssp-uk.com/CompanyMessages/v1"
                  xmlns:v11="http://www.ssp-uk.com/Company/v1"
                  xmlns:v12="http://www.ssp-uk.com/common/v1">

    <soapenv:Header>
        <urn:InsureJHeader>
            <urn:role>${#Project#select-contact-id}</urn:role>
        </urn:InsureJHeader>
    </soapenv:Header>

    <soapenv:Body>
        <v1:manageCompanyRequest>
            <v11:company>

                <v11:companyKey>
                    <v11:companyIdentity>${#TestSuite#company-id}</v11:companyIdentity>
                </v11:companyKey>

                <v11:addresses>
                    <v11:address>
                        <v12:addressLine1>5 Pitstruan Place</v12:addressLine1>
                        <v12:addressLine2>Aberdeenshire</v12:addressLine2>
                        <v12:town>Aberdeen</v12:town>
                        <v12:postcode>AB10 6PQ</v12:postcode>
                        <v12:country>Scotland</v12:country>
                        <v12:format>7</v12:format>
                        <!--Accounting Address -->
                        <v11:addressType>1</v11:addressType>
                        <v11:isMailingAddress>false</v11:isMailingAddress>
                    </v11:address>
                </v11:addresses>

                <v11:contactDetails>
                    <v11:emails>
                        <v11:email>
                            <!-- Email (Business) -->
                            <v11:emailType>1</v11:emailType>
                            <v11:emailAddress>testPerson${#TestSuite#contact-counter}@test.com</v11:emailAddress>
                        </v11:email>
                    </v11:emails>
                </v11:contactDetails>

            </v11:company>
        </v1:manageCompanyRequest>
    </soapenv:Body>
</soapenv:Envelope>