<soapenv:Envelope xmlns:soapenv="http://schemas.xmlsoap.org/soap/envelope/"
                  xmlns:urn="urn:InsureJ" xmlns:urn1="urn:ListComponentUpdate"
                  xmlns:xsi="http://www.w3.org/2001/XMLSchema-instance">

    <soapenv:Header>
        <urn:InsureJHeader>
            <urn:role>${#Project#select-contact-id}</urn:role>
        </urn:InsureJHeader>
    </soapenv:Header>
    <soapenv:Body>
        <urn1:component xmlns:urn2="urn:ListComponentUpdateSME_INSSMEv1" xsi:type="urn2:ComponentUpdatePremise">

            <urn1:policyIdentity>${#TestSuite#policy-id}</urn1:policyIdentity>
            <urn1:policyPositionId>${#TestSuite#position-id}</urn1:policyPositionId>
            <urn1:quoteId>${#TestSuite#position-id}</urn1:quoteId>
            <urn1:quoteVariationId>${#TestSuite#variation-id}</urn1:quoteVariationId>

            <urn1:objectIdentity>${#TestSuite#Premise-comp-id}</urn1:objectIdentity>
            <urn1:componentTypeName>Premise</urn1:componentTypeName>
            <urn1:coverageClassCode>Premise</urn1:coverageClassCode>

            <urn2:buildingType>strBuildingType</urn2:buildingType>

            <urn2:homeType>strHomeType</urn2:homeType>

            <urn2:yearOfConstruction>strYrsOfConstruct</urn2:yearOfConstruction>

            <urn2:grade1Listed>strgrade1Listed</urn2:grade1Listed>

            <urn2:buildingStandardConstruction>strbuildingStandardsConstruction</urn2:buildingStandardConstruction>

            <urn2:roofStandardConstruction>strroofStandardConstruction</urn2:roofStandardConstruction>

            <urn2:standardHeating>strstandardHeating</urn2:standardHeating>

            <urn2:barsAndGrilles>stringblnbarsAndGrilles</urn2:barsAndGrilles>

            <urn2:steelLinedExternalDoors>stringblnsteelLinedExternalDoors</urn2:steelLinedExternalDoors>

            <urn2:metalRollerShutter>stringblnmetalRollerShutter</urn2:metalRollerShutter>

            <urn2:cCTVMonitoring>stringblncCTVMonitoring</urn2:cCTVMonitoring>

            <urn2:intruderAlarm>stringblnintruderAlarm</urn2:intruderAlarm>

            <urn2:enclosedShoppingCentre>stringblnenclosedShoppingCentre</urn2:enclosedShoppingCentre>

            <urn2:proposerResidingAbove>stringblnproposerResidingAbove</urn2:proposerResidingAbove>

            <urn2:alarmType>integeralarmtype</urn2:alarmType>

            <urn2:intruderSoleControl>stringblnintruderSoleControl</urn2:intruderSoleControl>

            <urn2:alarmPoliceResponse>integeralarmPoliceResponse</urn2:alarmPoliceResponse>

            <urn2:alarmMaintenance>integeralarmMaintenance</urn2:alarmMaintenance>

            <urn2:securityNoneOfTheAbove>stringblnsecurityNoneOfTheAbove</urn2:securityNoneOfTheAbove>

            <urn2:numberOfBedrooms>integernumberOfBedrooms</urn2:numberOfBedrooms>

            <urn2:selfCatering>stringselfCatering</urn2:selfCatering>
            <urn2:numberOfBedroomsFreeFormat>strNumberOfBedroomsFreeFormat</urn2:numberOfBedroomsFreeFormat>
            <urn2:buildingUsage>integerbuildingUsage</urn2:buildingUsage>
            <urn2:buildingUsageFreeFormat>strBuildingUsageFreeFormat</urn2:buildingUsageFreeFormat>

            <urn2:voluntaryExcess>strVoluntaryExcess</urn2:voluntaryExcess>

            <!--Wall Non-Standard Premise Items-->
            <!--<urn1:listElement xsi:type="urn2:ComponentUpdatePremiseItem">
                <urn2:type>WALL</urn2:type>
                <urn2:typeOfMaterial>1</urn2:typeOfMaterial>
            </urn1:listElement>

            <urn1:listElement xsi:type="urn2:ComponentUpdatePremiseItem">
                <urn2:type>WALL</urn2:type>
                <urn2:typeOfMaterial>2</urn2:typeOfMaterial>
            </urn1:listElement>


            &lt;!&ndash;Roof Non-Standard Premise Items&ndash;&gt;
            <urn1:listElement xsi:type="urn2:ComponentPremiseItem">
                <urn2:type>ROOF</urn2:type>
                <urn2:typeOfMaterial>1</urn2:typeOfMaterial>
            </urn1:listElement>

            <urn1:listElement xsi:type="urn2:ComponentPremiseItem">
                <urn2:type>ROOF</urn2:type>
                <urn2:typeOfMaterial>2</urn2:typeOfMaterial>
            </urn1:listElement>


            &lt;!&ndash;Heating Non-Standard Premise Items&ndash;&gt;
            <urn1:listElement xsi:type="urn2:ComponentPremiseItem">
                <urn2:type>HEAT</urn2:type>
                <urn2:typeOfHeating>012</urn2:typeOfHeating>
                <urn2:typeOfFuel>004</urn2:typeOfFuel>
            </urn1:listElement>

            <urn1:listElement xsi:type="urn2:ComponentPremiseItem">
                <urn2:type>HEAT</urn2:type>
                <urn2:typeOfHeating>004</urn2:typeOfHeating>
                <urn2:typeOfFuel>003</urn2:typeOfFuel>
            </urn1:listElement>

-->
        </urn1:component>
    </soapenv:Body>
</soapenv:Envelope>