<soapenv:Envelope xmlns:soapenv="http://schemas.xmlsoap.org/soap/envelope/" xmlns:urn="urn:InsureJ"
                  xmlns:urn1="urn:ListComponentUpdate" xmlns:xsi="http://www.w3.org/2001/XMLSchema-instance">

    <soapenv:Header>
        <urn:InsureJHeader>
            <urn:correlationId/>
            <urn:role>${#Project#select-contact-id}</urn:role>
        </urn:InsureJHeader>
    </soapenv:Header>
    <soapenv:Body>
        <urn1:component xmlns:urn2="urn:ListComponentUpdateSME_INSSMEv1" xsi:type="urn2:ComponentUpdateThe_Business">

            <urn1:policyIdentity>${#TestSuite#policy-id}</urn1:policyIdentity>
            <urn1:policyPositionId>${#TestSuite#position-id}</urn1:policyPositionId>
            <urn1:quoteId>${#TestSuite#position-id}</urn1:quoteId>
            <urn1:quoteVariationId>${#TestSuite#variation-id}</urn1:quoteVariationId>
            <urn1:objectIdentity>${#TestSuite#The_Business-comp-id}</urn1:objectIdentity>
            <urn1:componentTypeName>The Business</urn1:componentTypeName>
            <urn1:coverageClassCode>The_Business</urn1:coverageClassCode>

            <urn2:turnoverBand>strTurnoverBand</urn2:turnoverBand>
            <urn2:turnoverAmount>
                <urn1:amount>strTurnoverAmount</urn1:amount>
            </urn2:turnoverAmount>


            <!--    <urn2:haveEmployees>N</urn2:haveEmployees>

               <urn2:noOfPPD>1</urn2:noOfPPD>
                <urn2:noOfPPDAdminOnly>strNoOfPPAdminOnly</urn2:noOfPPDAdminOnly>

                <urn2:noOfEmployees>0</urn2:noOfEmployees>
                <urn2:noOfEmployeesAdminOnly>strNoOfEmpAdminOnly</urn2:noOfEmployeesAdminOnly>-->


        </urn1:component>
    </soapenv:Body>
</soapenv:Envelope>