<soapenv:Envelope xmlns:soapenv="http://schemas.xmlsoap.org/soap/envelope/" xmlns:urn="urn:InsureJ" xmlns:v1="http://www.ssp-uk.com/PolicyMessages/v1" xmlns:v11="http://www.ssp-uk.com/Policy/v1" xmlns:v12="http://www.ssp-uk.com/Person/v1">
    <soapenv:Header>
        <urn:InsureJHeader>
            <urn:role>${#Project#select-contact-id}</urn:role>
        </urn:InsureJHeader>
    </soapenv:Header>
    <soapenv:Body>
        <v1:managePolicyRequest>
            <v1:policyKey>
                <v11:policyIdentity>${#TestSuite#policy-id}</v11:policyIdentity>
                <v11:policyPositionId>${#TestSuite#position-id}</v11:policyPositionId>
                <v11:quoteId>${#TestSuite#position-id}</v11:quoteId>
                <v11:quoteVariationId>${#TestSuite#variation-id}</v11:quoteVariationId>
            </v1:policyKey>
            <v1:productKey>
                <v11:productCode>${#TestSuite#product-class}</v11:productCode>
                <v11:schemeCode>${#TestSuite#scheme-code}</v11:schemeCode>
                <v11:productTreeIdentity>${#TestSuite#product-tree-id}</v11:productTreeIdentity>
            </v1:productKey>
            <v1:policyDetails>
                <v11:inceptionDate>${#TestSuite#inception-date}</v11:inceptionDate>
                <v11:isAutoReview>strIsAutoReview</v11:isAutoReview>
                <v11:isAutoRenew>strIsAutoRenew</v11:isAutoRenew>
                <v11:isBlockRenewal>strIsBlockRenewal</v11:isBlockRenewal>
                <v11:originatingChannel>Self-Service</v11:originatingChannel>
                <v11:completionChannel>Self-Service</v11:completionChannel>
                <v11:paymentPlan>
                    <v11:paymentPlanIdentity>${#TestSuite#annual-plan-id}</v11:paymentPlanIdentity>
                    <!-- 2 payment method is Card-->
                    <v11:paymentMethod>2</v11:paymentMethod>
                    <v11:creditCardIdentity>${#TestSuite#card-account-id}</v11:creditCardIdentity>

                </v11:paymentPlan>
            </v1:policyDetails>
        </v1:managePolicyRequest>
    </soapenv:Body>
</soapenv:Envelope>