<soapenv:Envelope xmlns:soapenv="http://schemas.xmlsoap.org/soap/envelope/"
                  xmlns:urn="urn:InsureJ" xmlns:urn1="urn:ComponentUpdate"
                  xmlns:xsi="http://www.w3.org/2001/XMLSchema-instance">
    <soapenv:Header>
        <urn:InsureJHeader>
            <urn:role>${#Project#select-contact-id}</urn:role>
        </urn:InsureJHeader>
    </soapenv:Header>
    <soapenv:Body>
        <urn1:component xmlns:urn2="urn:ComponentUpdateSME_INSSMEv1" xsi:type="urn2:ComponentUpdatePuL_Add_Treatment">
            <urn1:policyIdentity>${#TestSuite#policy-id}</urn1:policyIdentity>
            <urn1:policyPositionId>${#TestSuite#position-id}</urn1:policyPositionId>
            <urn1:quoteId>${#TestSuite#position-id}</urn1:quoteId>
            <urn1:quoteVariationId>${#TestSuite#variation-id}</urn1:quoteVariationId>
            <urn1:objectIdentity>PULAddTreatmentCompId</urn1:objectIdentity>

            <urn1:componentTypeName>Treatments</urn1:componentTypeName>
            <urn1:coverageClassCode>PuL_Add_Treatment</urn1:coverageClassCode>

            <urn2:treatmentName>strTreatmentName</urn2:treatmentName>
            <urn2:noOfOperativesAdditional>strNoOfOperatAddition</urn2:noOfOperativesAdditional>
            <urn2:limitTreatmentCover>strLimitCover</urn2:limitTreatmentCover>

        </urn1:component>
    </soapenv:Body>
</soapenv:Envelope>